ISO-10303-21;
HEADER;
FILE_DESCRIPTION(('Open CASCADE Model'),'2;1');
FILE_NAME('Open CASCADE Shape Model','2026-10-04T16:59:00',('Author'),(
    'Open CASCADE'),'Open CASCADE STEP processor 7.9','Open CASCADE 7.9'
  ,'Unknown');
FILE_SCHEMA(('AUTOMOTIVE_DESIGN { 1 0 10303 214 1 1 1 1 }'));
ENDSEC;
DATA;
#1 = APPLICATION_PROTOCOL_DEFINITION('international standard',
  'automotive_design',2000,#2);
#2 = APPLICATION_CONTEXT(
  'core data for automotive mechanical design processes');
#3 = SHAPE_DEFINITION_REPRESENTATION(#4,#10);
#4 = PRODUCT_DEFINITION_SHAPE('','',#5);
#5 = PRODUCT_DEFINITION('design','',#6,#9);
#6 = PRODUCT_DEFINITION_FORMATION('','',#7);
#7 = PRODUCT('C1-coupling','C1-coupling','',(#8));
#8 = PRODUCT_CONTEXT('',#2,'mechanical');
#9 = PRODUCT_DEFINITION_CONTEXT('part definition',#2,'design');
#10 = SHAPE_REPRESENTATION('',(#11,#15,#19,#23,#27,#31,#35),#39);
#11 = AXIS2_PLACEMENT_3D('',#12,#13,#14);
#12 = CARTESIAN_POINT('',(0.,0.,0.));
#13 = DIRECTION('',(0.,0.,1.));
#14 = DIRECTION('',(1.,0.,-0.));
#15 = AXIS2_PLACEMENT_3D('',#16,#17,#18);
#16 = CARTESIAN_POINT('',(0.,0.,0.));
#17 = DIRECTION('',(0.,0.,1.));
#18 = DIRECTION('',(1.,0.,-0.));
#19 = AXIS2_PLACEMENT_3D('',#20,#21,#22);
#20 = CARTESIAN_POINT('',(0.,0.,0.));
#21 = DIRECTION('',(0.,0.,1.));
#22 = DIRECTION('',(1.,0.,-0.));
#23 = AXIS2_PLACEMENT_3D('',#24,#25,#26);
#24 = CARTESIAN_POINT('',(0.,0.,0.));
#25 = DIRECTION('',(0.,0.,1.));
#26 = DIRECTION('',(1.,0.,-0.));
#27 = AXIS2_PLACEMENT_3D('',#28,#29,#30);
#28 = CARTESIAN_POINT('',(0.,0.,0.));
#29 = DIRECTION('',(0.,0.,1.));
#30 = DIRECTION('',(1.,0.,-0.));
#31 = AXIS2_PLACEMENT_3D('',#32,#33,#34);
#32 = CARTESIAN_POINT('',(0.,0.,0.));
#33 = DIRECTION('',(0.,0.,1.));
#34 = DIRECTION('',(1.,0.,-0.));
#35 = AXIS2_PLACEMENT_3D('',#36,#37,#38);
#36 = CARTESIAN_POINT('',(0.,0.,0.));
#37 = DIRECTION('',(0.,0.,1.));
#38 = DIRECTION('',(1.,0.,-0.));
#39 = ( GEOMETRIC_REPRESENTATION_CONTEXT(3) 
GLOBAL_UNCERTAINTY_ASSIGNED_CONTEXT((#43)) GLOBAL_UNIT_ASSIGNED_CONTEXT(
(#40,#41,#42)) REPRESENTATION_CONTEXT('Context #1',
  '3D Context with UNIT and UNCERTAINTY') );
#40 = ( LENGTH_UNIT() NAMED_UNIT(*) SI_UNIT(.MILLI.,.METRE.) );
#41 = ( NAMED_UNIT(*) PLANE_ANGLE_UNIT() SI_UNIT($,.RADIAN.) );
#42 = ( NAMED_UNIT(*) SI_UNIT($,.STERADIAN.) SOLID_ANGLE_UNIT() );
#43 = UNCERTAINTY_MEASURE_WITH_UNIT(LENGTH_MEASURE(1.E-07),#40,
  'distance_accuracy_value','confusion accuracy');
#44 = PRODUCT_RELATED_PRODUCT_CATEGORY('part',$,(#7));
#45 = SHAPE_DEFINITION_REPRESENTATION(#46,#52);
#46 = PRODUCT_DEFINITION_SHAPE('','',#47);
#47 = PRODUCT_DEFINITION('design','',#48,#51);
#48 = PRODUCT_DEFINITION_FORMATION('','',#49);
#49 = PRODUCT('C1-SHAFT','C1-SHAFT','',(#50));
#50 = PRODUCT_CONTEXT('',#2,'mechanical');
#51 = PRODUCT_DEFINITION_CONTEXT('part definition',#2,'design');
#52 = ADVANCED_BREP_SHAPE_REPRESENTATION('',(#11,#53),#631);
#53 = MANIFOLD_SOLID_BREP('',#54);
#54 = CLOSED_SHELL('',(#55,#247,#302,#352,#402,#456,#506,#556,#572,#627)
  );
#55 = ADVANCED_FACE('',(#56,#92,#123,#154,#185,#216),#69,.T.);
#56 = FACE_BOUND('',#57,.T.);
#57 = EDGE_LOOP('',(#58));
#58 = ORIENTED_EDGE('',*,*,#59,.T.);
#59 = EDGE_CURVE('',#60,#60,#62,.T.);
#60 = VERTEX_POINT('',#61);
#61 = CARTESIAN_POINT('',(-2.939152317954E-15,-9.5,12.));
#62 = SURFACE_CURVE('',#63,(#68,#80),.PCURVE_S1.);
#63 = CIRCLE('',#64,12.);
#64 = AXIS2_PLACEMENT_3D('',#65,#66,#67);
#65 = CARTESIAN_POINT('',(0.,-9.5,0.));
#66 = DIRECTION('',(0.,1.,0.));
#67 = DIRECTION('',(0.,-0.,1.));
#68 = PCURVE('',#69,#74);
#69 = PLANE('',#70);
#70 = AXIS2_PLACEMENT_3D('',#71,#72,#73);
#71 = CARTESIAN_POINT('',(0.,-9.5,0.));
#72 = DIRECTION('',(0.,1.,0.));
#73 = DIRECTION('',(0.,-0.,1.));
#74 = DEFINITIONAL_REPRESENTATION('',(#75),#79);
#75 = CIRCLE('',#76,12.);
#76 = AXIS2_PLACEMENT_2D('',#77,#78);
#77 = CARTESIAN_POINT('',(0.,0.));
#78 = DIRECTION('',(1.,0.));
#79 = ( GEOMETRIC_REPRESENTATION_CONTEXT(2) 
PARAMETRIC_REPRESENTATION_CONTEXT() REPRESENTATION_CONTEXT('2D SPACE',''
  ) );
#80 = PCURVE('',#81,#86);
#81 = CYLINDRICAL_SURFACE('',#82,12.);
#82 = AXIS2_PLACEMENT_3D('',#83,#84,#85);
#83 = CARTESIAN_POINT('',(0.,-12.5,0.));
#84 = DIRECTION('',(0.,1.,0.));
#85 = DIRECTION('',(0.,-0.,1.));
#86 = DEFINITIONAL_REPRESENTATION('',(#87),#91);
#87 = LINE('',#88,#89);
#88 = CARTESIAN_POINT('',(0.,3.));
#89 = VECTOR('',#90,1.);
#90 = DIRECTION('',(1.,0.));
#91 = ( GEOMETRIC_REPRESENTATION_CONTEXT(2) 
PARAMETRIC_REPRESENTATION_CONTEXT() REPRESENTATION_CONTEXT('2D SPACE',''
  ) );
#92 = FACE_BOUND('',#93,.T.);
#93 = EDGE_LOOP('',(#94));
#94 = ORIENTED_EDGE('',*,*,#95,.F.);
#95 = EDGE_CURVE('',#96,#96,#98,.T.);
#96 = VERTEX_POINT('',#97);
#97 = CARTESIAN_POINT('',(-8.,-9.5,1.5));
#98 = SURFACE_CURVE('',#99,(#104,#111),.PCURVE_S1.);
#99 = CIRCLE('',#100,1.5);
#100 = AXIS2_PLACEMENT_3D('',#101,#102,#103);
#101 = CARTESIAN_POINT('',(-8.,-9.5,0.));
#102 = DIRECTION('',(0.,1.,0.));
#103 = DIRECTION('',(0.,-0.,1.));
#104 = PCURVE('',#69,#105);
#105 = DEFINITIONAL_REPRESENTATION('',(#106),#110);
#106 = CIRCLE('',#107,1.5);
#107 = AXIS2_PLACEMENT_2D('',#108,#109);
#108 = CARTESIAN_POINT('',(0.,-8.));
#109 = DIRECTION('',(1.,0.));
#110 = ( GEOMETRIC_REPRESENTATION_CONTEXT(2) 
PARAMETRIC_REPRESENTATION_CONTEXT() REPRESENTATION_CONTEXT('2D SPACE',''
  ) );
#111 = PCURVE('',#112,#117);
#112 = CYLINDRICAL_SURFACE('',#113,1.5);
#113 = AXIS2_PLACEMENT_3D('',#114,#115,#116);
#114 = CARTESIAN_POINT('',(-8.,-13.5,0.));
#115 = DIRECTION('',(0.,1.,0.));
#116 = DIRECTION('',(0.,-0.,1.));
#117 = DEFINITIONAL_REPRESENTATION('',(#118),#122);
#118 = LINE('',#119,#120);
#119 = CARTESIAN_POINT('',(0.,4.));
#120 = VECTOR('',#121,1.);
#121 = DIRECTION('',(1.,0.));
#122 = ( GEOMETRIC_REPRESENTATION_CONTEXT(2) 
PARAMETRIC_REPRESENTATION_CONTEXT() REPRESENTATION_CONTEXT('2D SPACE',''
  ) );
#123 = FACE_BOUND('',#124,.T.);
#124 = EDGE_LOOP('',(#125));
#125 = ORIENTED_EDGE('',*,*,#126,.F.);
#126 = EDGE_CURVE('',#127,#127,#129,.T.);
#127 = VERTEX_POINT('',#128);
#128 = CARTESIAN_POINT('',(1.,-9.5,-6.5));
#129 = SURFACE_CURVE('',#130,(#135,#142),.PCURVE_S1.);
#130 = CIRCLE('',#131,1.5);
#131 = AXIS2_PLACEMENT_3D('',#132,#133,#134);
#132 = CARTESIAN_POINT('',(1.,-9.5,-8.));
#133 = DIRECTION('',(0.,1.,0.));
#134 = DIRECTION('',(0.,-0.,1.));
#135 = PCURVE('',#69,#136);
#136 = DEFINITIONAL_REPRESENTATION('',(#137),#141);
#137 = CIRCLE('',#138,1.5);
#138 = AXIS2_PLACEMENT_2D('',#139,#140);
#139 = CARTESIAN_POINT('',(-8.,1.));
#140 = DIRECTION('',(1.,0.));
#141 = ( GEOMETRIC_REPRESENTATION_CONTEXT(2) 
PARAMETRIC_REPRESENTATION_CONTEXT() REPRESENTATION_CONTEXT('2D SPACE',''
  ) );
#142 = PCURVE('',#143,#148);
#143 = CYLINDRICAL_SURFACE('',#144,1.5);
#144 = AXIS2_PLACEMENT_3D('',#145,#146,#147);
#145 = CARTESIAN_POINT('',(1.,-13.5,-8.));
#146 = DIRECTION('',(0.,1.,0.));
#147 = DIRECTION('',(0.,-0.,1.));
#148 = DEFINITIONAL_REPRESENTATION('',(#149),#153);
#149 = LINE('',#150,#151);
#150 = CARTESIAN_POINT('',(0.,4.));
#151 = VECTOR('',#152,1.);
#152 = DIRECTION('',(1.,0.));
#153 = ( GEOMETRIC_REPRESENTATION_CONTEXT(2) 
PARAMETRIC_REPRESENTATION_CONTEXT() REPRESENTATION_CONTEXT('2D SPACE',''
  ) );
#154 = FACE_BOUND('',#155,.T.);
#155 = EDGE_LOOP('',(#156));
#156 = ORIENTED_EDGE('',*,*,#157,.F.);
#157 = EDGE_CURVE('',#158,#158,#160,.T.);
#158 = VERTEX_POINT('',#159);
#159 = CARTESIAN_POINT('',(0.,-9.5,4.2));
#160 = SURFACE_CURVE('',#161,(#166,#173),.PCURVE_S1.);
#161 = CIRCLE('',#162,4.2);
#162 = AXIS2_PLACEMENT_3D('',#163,#164,#165);
#163 = CARTESIAN_POINT('',(0.,-9.5,0.));
#164 = DIRECTION('',(0.,1.,0.));
#165 = DIRECTION('',(0.,-0.,1.));
#166 = PCURVE('',#69,#167);
#167 = DEFINITIONAL_REPRESENTATION('',(#168),#172);
#168 = CIRCLE('',#169,4.2);
#169 = AXIS2_PLACEMENT_2D('',#170,#171);
#170 = CARTESIAN_POINT('',(0.,0.));
#171 = DIRECTION('',(1.,0.));
#172 = ( GEOMETRIC_REPRESENTATION_CONTEXT(2) 
PARAMETRIC_REPRESENTATION_CONTEXT() REPRESENTATION_CONTEXT('2D SPACE',''
  ) );
#173 = PCURVE('',#174,#179);
#174 = TOROIDAL_SURFACE('',#175,4.2,0.2);
#175 = AXIS2_PLACEMENT_3D('',#176,#177,#178);
#176 = CARTESIAN_POINT('',(0.,-9.3,0.));
#177 = DIRECTION('',(-0.,-1.,-0.));
#178 = DIRECTION('',(0.,-0.,1.));
#179 = DEFINITIONAL_REPRESENTATION('',(#180),#184);
#180 = LINE('',#181,#182);
#181 = CARTESIAN_POINT('',(-0.,1.570796326795));
#182 = VECTOR('',#183,1.);
#183 = DIRECTION('',(-1.,0.));
#184 = ( GEOMETRIC_REPRESENTATION_CONTEXT(2) 
PARAMETRIC_REPRESENTATION_CONTEXT() REPRESENTATION_CONTEXT('2D SPACE',''
  ) );
#185 = FACE_BOUND('',#186,.T.);
#186 = EDGE_LOOP('',(#187));
#187 = ORIENTED_EDGE('',*,*,#188,.F.);
#188 = EDGE_CURVE('',#189,#189,#191,.T.);
#189 = VERTEX_POINT('',#190);
#190 = CARTESIAN_POINT('',(-3.673940397442E-16,-9.5,9.5));
#191 = SURFACE_CURVE('',#192,(#197,#204),.PCURVE_S1.);
#192 = CIRCLE('',#193,1.5);
#193 = AXIS2_PLACEMENT_3D('',#194,#195,#196);
#194 = CARTESIAN_POINT('',(0.,-9.5,8.));
#195 = DIRECTION('',(0.,1.,0.));
#196 = DIRECTION('',(0.,-0.,1.));
#197 = PCURVE('',#69,#198);
#198 = DEFINITIONAL_REPRESENTATION('',(#199),#203);
#199 = CIRCLE('',#200,1.5);
#200 = AXIS2_PLACEMENT_2D('',#201,#202);
#201 = CARTESIAN_POINT('',(8.,0.));
#202 = DIRECTION('',(1.,0.));
#203 = ( GEOMETRIC_REPRESENTATION_CONTEXT(2) 
PARAMETRIC_REPRESENTATION_CONTEXT() REPRESENTATION_CONTEXT('2D SPACE',''
  ) );
#204 = PCURVE('',#205,#210);
#205 = CYLINDRICAL_SURFACE('',#206,1.5);
#206 = AXIS2_PLACEMENT_3D('',#207,#208,#209);
#207 = CARTESIAN_POINT('',(0.,-13.5,8.));
#208 = DIRECTION('',(0.,1.,0.));
#209 = DIRECTION('',(0.,-0.,1.));
#210 = DEFINITIONAL_REPRESENTATION('',(#211),#215);
#211 = LINE('',#212,#213);
#212 = CARTESIAN_POINT('',(0.,4.));
#213 = VECTOR('',#214,1.);
#214 = DIRECTION('',(1.,0.));
#215 = ( GEOMETRIC_REPRESENTATION_CONTEXT(2) 
PARAMETRIC_REPRESENTATION_CONTEXT() REPRESENTATION_CONTEXT('2D SPACE',''
  ) );
#216 = FACE_BOUND('',#217,.T.);
#217 = EDGE_LOOP('',(#218));
#218 = ORIENTED_EDGE('',*,*,#219,.F.);
#219 = EDGE_CURVE('',#220,#220,#222,.T.);
#220 = VERTEX_POINT('',#221);
#221 = CARTESIAN_POINT('',(8.,-9.5,1.5));
#222 = SURFACE_CURVE('',#223,(#228,#235),.PCURVE_S1.);
#223 = CIRCLE('',#224,1.5);
#224 = AXIS2_PLACEMENT_3D('',#225,#226,#227);
#225 = CARTESIAN_POINT('',(8.,-9.5,0.));
#226 = DIRECTION('',(0.,1.,0.));
#227 = DIRECTION('',(0.,-0.,1.));
#228 = PCURVE('',#69,#229);
#229 = DEFINITIONAL_REPRESENTATION('',(#230),#234);
#230 = CIRCLE('',#231,1.5);
#231 = AXIS2_PLACEMENT_2D('',#232,#233);
#232 = CARTESIAN_POINT('',(0.,8.));
#233 = DIRECTION('',(1.,0.));
#234 = ( GEOMETRIC_REPRESENTATION_CONTEXT(2) 
PARAMETRIC_REPRESENTATION_CONTEXT() REPRESENTATION_CONTEXT('2D SPACE',''
  ) );
#235 = PCURVE('',#236,#241);
#236 = CYLINDRICAL_SURFACE('',#237,1.5);
#237 = AXIS2_PLACEMENT_3D('',#238,#239,#240);
#238 = CARTESIAN_POINT('',(8.,-13.5,0.));
#239 = DIRECTION('',(0.,1.,0.));
#240 = DIRECTION('',(0.,-0.,1.));
#241 = DEFINITIONAL_REPRESENTATION('',(#242),#246);
#242 = LINE('',#243,#244);
#243 = CARTESIAN_POINT('',(0.,4.));
#244 = VECTOR('',#245,1.);
#245 = DIRECTION('',(1.,0.));
#246 = ( GEOMETRIC_REPRESENTATION_CONTEXT(2) 
PARAMETRIC_REPRESENTATION_CONTEXT() REPRESENTATION_CONTEXT('2D SPACE',''
  ) );
#247 = ADVANCED_FACE('',(#248),#81,.T.);
#248 = FACE_BOUND('',#249,.T.);
#249 = EDGE_LOOP('',(#250,#251,#274,#301));
#250 = ORIENTED_EDGE('',*,*,#59,.F.);
#251 = ORIENTED_EDGE('',*,*,#252,.F.);
#252 = EDGE_CURVE('',#253,#60,#255,.T.);
#253 = VERTEX_POINT('',#254);
#254 = CARTESIAN_POINT('',(-2.939152317954E-15,-12.5,12.));
#255 = SEAM_CURVE('',#256,(#260,#267),.PCURVE_S1.);
#256 = LINE('',#257,#258);
#257 = CARTESIAN_POINT('',(-2.939152317954E-15,-12.5,12.));
#258 = VECTOR('',#259,1.);
#259 = DIRECTION('',(0.,1.,0.));
#260 = PCURVE('',#81,#261);
#261 = DEFINITIONAL_REPRESENTATION('',(#262),#266);
#262 = LINE('',#263,#264);
#263 = CARTESIAN_POINT('',(6.28318530718,-0.));
#264 = VECTOR('',#265,1.);
#265 = DIRECTION('',(0.,1.));
#266 = ( GEOMETRIC_REPRESENTATION_CONTEXT(2) 
PARAMETRIC_REPRESENTATION_CONTEXT() REPRESENTATION_CONTEXT('2D SPACE',''
  ) );
#267 = PCURVE('',#81,#268);
#268 = DEFINITIONAL_REPRESENTATION('',(#269),#273);
#269 = LINE('',#270,#271);
#270 = CARTESIAN_POINT('',(0.,-0.));
#271 = VECTOR('',#272,1.);
#272 = DIRECTION('',(0.,1.));
#273 = ( GEOMETRIC_REPRESENTATION_CONTEXT(2) 
PARAMETRIC_REPRESENTATION_CONTEXT() REPRESENTATION_CONTEXT('2D SPACE',''
  ) );
#274 = ORIENTED_EDGE('',*,*,#275,.T.);
#275 = EDGE_CURVE('',#253,#253,#276,.T.);
#276 = SURFACE_CURVE('',#277,(#282,#289),.PCURVE_S1.);
#277 = CIRCLE('',#278,12.);
#278 = AXIS2_PLACEMENT_3D('',#279,#280,#281);
#279 = CARTESIAN_POINT('',(0.,-12.5,0.));
#280 = DIRECTION('',(0.,1.,0.));
#281 = DIRECTION('',(0.,-0.,1.));
#282 = PCURVE('',#81,#283);
#283 = DEFINITIONAL_REPRESENTATION('',(#284),#288);
#284 = LINE('',#285,#286);
#285 = CARTESIAN_POINT('',(0.,0.));
#286 = VECTOR('',#287,1.);
#287 = DIRECTION('',(1.,0.));
#288 = ( GEOMETRIC_REPRESENTATION_CONTEXT(2) 
PARAMETRIC_REPRESENTATION_CONTEXT() REPRESENTATION_CONTEXT('2D SPACE',''
  ) );
#289 = PCURVE('',#290,#295);
#290 = PLANE('',#291);
#291 = AXIS2_PLACEMENT_3D('',#292,#293,#294);
#292 = CARTESIAN_POINT('',(0.,-12.5,0.));
#293 = DIRECTION('',(0.,1.,0.));
#294 = DIRECTION('',(0.,-0.,1.));
#295 = DEFINITIONAL_REPRESENTATION('',(#296),#300);
#296 = CIRCLE('',#297,12.);
#297 = AXIS2_PLACEMENT_2D('',#298,#299);
#298 = CARTESIAN_POINT('',(0.,0.));
#299 = DIRECTION('',(1.,0.));
#300 = ( GEOMETRIC_REPRESENTATION_CONTEXT(2) 
PARAMETRIC_REPRESENTATION_CONTEXT() REPRESENTATION_CONTEXT('2D SPACE',''
  ) );
#301 = ORIENTED_EDGE('',*,*,#252,.T.);
#302 = ADVANCED_FACE('',(#303),#112,.F.);
#303 = FACE_BOUND('',#304,.F.);
#304 = EDGE_LOOP('',(#305,#306,#329,#351));
#305 = ORIENTED_EDGE('',*,*,#95,.F.);
#306 = ORIENTED_EDGE('',*,*,#307,.F.);
#307 = EDGE_CURVE('',#308,#96,#310,.T.);
#308 = VERTEX_POINT('',#309);
#309 = CARTESIAN_POINT('',(-8.,-12.5,1.5));
#310 = SEAM_CURVE('',#311,(#315,#322),.PCURVE_S1.);
#311 = LINE('',#312,#313);
#312 = CARTESIAN_POINT('',(-8.,-13.5,1.5));
#313 = VECTOR('',#314,1.);
#314 = DIRECTION('',(0.,1.,0.));
#315 = PCURVE('',#112,#316);
#316 = DEFINITIONAL_REPRESENTATION('',(#317),#321);
#317 = LINE('',#318,#319);
#318 = CARTESIAN_POINT('',(6.28318530718,-0.));
#319 = VECTOR('',#320,1.);
#320 = DIRECTION('',(0.,1.));
#321 = ( GEOMETRIC_REPRESENTATION_CONTEXT(2) 
PARAMETRIC_REPRESENTATION_CONTEXT() REPRESENTATION_CONTEXT('2D SPACE',''
  ) );
#322 = PCURVE('',#112,#323);
#323 = DEFINITIONAL_REPRESENTATION('',(#324),#328);
#324 = LINE('',#325,#326);
#325 = CARTESIAN_POINT('',(0.,-0.));
#326 = VECTOR('',#327,1.);
#327 = DIRECTION('',(0.,1.));
#328 = ( GEOMETRIC_REPRESENTATION_CONTEXT(2) 
PARAMETRIC_REPRESENTATION_CONTEXT() REPRESENTATION_CONTEXT('2D SPACE',''
  ) );
#329 = ORIENTED_EDGE('',*,*,#330,.T.);
#330 = EDGE_CURVE('',#308,#308,#331,.T.);
#331 = SURFACE_CURVE('',#332,(#337,#344),.PCURVE_S1.);
#332 = CIRCLE('',#333,1.5);
#333 = AXIS2_PLACEMENT_3D('',#334,#335,#336);
#334 = CARTESIAN_POINT('',(-8.,-12.5,0.));
#335 = DIRECTION('',(0.,1.,0.));
#336 = DIRECTION('',(0.,-0.,1.));
#337 = PCURVE('',#112,#338);
#338 = DEFINITIONAL_REPRESENTATION('',(#339),#343);
#339 = LINE('',#340,#341);
#340 = CARTESIAN_POINT('',(0.,1.));
#341 = VECTOR('',#342,1.);
#342 = DIRECTION('',(1.,0.));
#343 = ( GEOMETRIC_REPRESENTATION_CONTEXT(2) 
PARAMETRIC_REPRESENTATION_CONTEXT() REPRESENTATION_CONTEXT('2D SPACE',''
  ) );
#344 = PCURVE('',#290,#345);
#345 = DEFINITIONAL_REPRESENTATION('',(#346),#350);
#346 = CIRCLE('',#347,1.5);
#347 = AXIS2_PLACEMENT_2D('',#348,#349);
#348 = CARTESIAN_POINT('',(0.,-8.));
#349 = DIRECTION('',(1.,0.));
#350 = ( GEOMETRIC_REPRESENTATION_CONTEXT(2) 
PARAMETRIC_REPRESENTATION_CONTEXT() REPRESENTATION_CONTEXT('2D SPACE',''
  ) );
#351 = ORIENTED_EDGE('',*,*,#307,.T.);
#352 = ADVANCED_FACE('',(#353),#143,.F.);
#353 = FACE_BOUND('',#354,.F.);
#354 = EDGE_LOOP('',(#355,#356,#379,#401));
#355 = ORIENTED_EDGE('',*,*,#126,.F.);
#356 = ORIENTED_EDGE('',*,*,#357,.F.);
#357 = EDGE_CURVE('',#358,#127,#360,.T.);
#358 = VERTEX_POINT('',#359);
#359 = CARTESIAN_POINT('',(1.,-12.5,-6.5));
#360 = SEAM_CURVE('',#361,(#365,#372),.PCURVE_S1.);
#361 = LINE('',#362,#363);
#362 = CARTESIAN_POINT('',(1.,-13.5,-6.5));
#363 = VECTOR('',#364,1.);
#364 = DIRECTION('',(0.,1.,0.));
#365 = PCURVE('',#143,#366);
#366 = DEFINITIONAL_REPRESENTATION('',(#367),#371);
#367 = LINE('',#368,#369);
#368 = CARTESIAN_POINT('',(6.28318530718,-0.));
#369 = VECTOR('',#370,1.);
#370 = DIRECTION('',(0.,1.));
#371 = ( GEOMETRIC_REPRESENTATION_CONTEXT(2) 
PARAMETRIC_REPRESENTATION_CONTEXT() REPRESENTATION_CONTEXT('2D SPACE',''
  ) );
#372 = PCURVE('',#143,#373);
#373 = DEFINITIONAL_REPRESENTATION('',(#374),#378);
#374 = LINE('',#375,#376);
#375 = CARTESIAN_POINT('',(0.,-0.));
#376 = VECTOR('',#377,1.);
#377 = DIRECTION('',(0.,1.));
#378 = ( GEOMETRIC_REPRESENTATION_CONTEXT(2) 
PARAMETRIC_REPRESENTATION_CONTEXT() REPRESENTATION_CONTEXT('2D SPACE',''
  ) );
#379 = ORIENTED_EDGE('',*,*,#380,.T.);
#380 = EDGE_CURVE('',#358,#358,#381,.T.);
#381 = SURFACE_CURVE('',#382,(#387,#394),.PCURVE_S1.);
#382 = CIRCLE('',#383,1.5);
#383 = AXIS2_PLACEMENT_3D('',#384,#385,#386);
#384 = CARTESIAN_POINT('',(1.,-12.5,-8.));
#385 = DIRECTION('',(0.,1.,0.));
#386 = DIRECTION('',(0.,-0.,1.));
#387 = PCURVE('',#143,#388);
#388 = DEFINITIONAL_REPRESENTATION('',(#389),#393);
#389 = LINE('',#390,#391);
#390 = CARTESIAN_POINT('',(0.,1.));
#391 = VECTOR('',#392,1.);
#392 = DIRECTION('',(1.,0.));
#393 = ( GEOMETRIC_REPRESENTATION_CONTEXT(2) 
PARAMETRIC_REPRESENTATION_CONTEXT() REPRESENTATION_CONTEXT('2D SPACE',''
  ) );
#394 = PCURVE('',#290,#395);
#395 = DEFINITIONAL_REPRESENTATION('',(#396),#400);
#396 = CIRCLE('',#397,1.5);
#397 = AXIS2_PLACEMENT_2D('',#398,#399);
#398 = CARTESIAN_POINT('',(-8.,1.));
#399 = DIRECTION('',(1.,0.));
#400 = ( GEOMETRIC_REPRESENTATION_CONTEXT(2) 
PARAMETRIC_REPRESENTATION_CONTEXT() REPRESENTATION_CONTEXT('2D SPACE',''
  ) );
#401 = ORIENTED_EDGE('',*,*,#357,.T.);
#402 = ADVANCED_FACE('',(#403),#174,.F.);
#403 = FACE_BOUND('',#404,.T.);
#404 = EDGE_LOOP('',(#405,#427,#428,#429));
#405 = ORIENTED_EDGE('',*,*,#406,.F.);
#406 = EDGE_CURVE('',#158,#407,#409,.T.);
#407 = VERTEX_POINT('',#408);
#408 = CARTESIAN_POINT('',(0.,-9.3,4.));
#409 = SEAM_CURVE('',#410,(#415,#421),.PCURVE_S1.);
#410 = CIRCLE('',#411,0.2);
#411 = AXIS2_PLACEMENT_3D('',#412,#413,#414);
#412 = CARTESIAN_POINT('',(0.,-9.3,4.2));
#413 = DIRECTION('',(1.,0.,0.));
#414 = DIRECTION('',(0.,-0.,1.));
#415 = PCURVE('',#174,#416);
#416 = DEFINITIONAL_REPRESENTATION('',(#417),#420);
#417 = B_SPLINE_CURVE_WITH_KNOTS('',1,(#418,#419),.UNSPECIFIED.,.F.,.F.,
  (2,2),(1.570796326795,3.14159265359),.PIECEWISE_BEZIER_KNOTS.);
#418 = CARTESIAN_POINT('',(0.,1.570796326795));
#419 = CARTESIAN_POINT('',(0.,3.14159265359));
#420 = ( GEOMETRIC_REPRESENTATION_CONTEXT(2) 
PARAMETRIC_REPRESENTATION_CONTEXT() REPRESENTATION_CONTEXT('2D SPACE',''
  ) );
#421 = PCURVE('',#174,#422);
#422 = DEFINITIONAL_REPRESENTATION('',(#423),#426);
#423 = B_SPLINE_CURVE_WITH_KNOTS('',1,(#424,#425),.UNSPECIFIED.,.F.,.F.,
  (2,2),(1.570796326795,3.14159265359),.PIECEWISE_BEZIER_KNOTS.);
#424 = CARTESIAN_POINT('',(-6.28318530718,1.570796326795));
#425 = CARTESIAN_POINT('',(-6.28318530718,3.14159265359));
#426 = ( GEOMETRIC_REPRESENTATION_CONTEXT(2) 
PARAMETRIC_REPRESENTATION_CONTEXT() REPRESENTATION_CONTEXT('2D SPACE',''
  ) );
#427 = ORIENTED_EDGE('',*,*,#157,.F.);
#428 = ORIENTED_EDGE('',*,*,#406,.T.);
#429 = ORIENTED_EDGE('',*,*,#430,.T.);
#430 = EDGE_CURVE('',#407,#407,#431,.T.);
#431 = SURFACE_CURVE('',#432,(#437,#444),.PCURVE_S1.);
#432 = CIRCLE('',#433,4.);
#433 = AXIS2_PLACEMENT_3D('',#434,#435,#436);
#434 = CARTESIAN_POINT('',(0.,-9.3,0.));
#435 = DIRECTION('',(0.,1.,0.));
#436 = DIRECTION('',(0.,-0.,1.));
#437 = PCURVE('',#174,#438);
#438 = DEFINITIONAL_REPRESENTATION('',(#439),#443);
#439 = LINE('',#440,#441);
#440 = CARTESIAN_POINT('',(-0.,3.14159265359));
#441 = VECTOR('',#442,1.);
#442 = DIRECTION('',(-1.,0.));
#443 = ( GEOMETRIC_REPRESENTATION_CONTEXT(2) 
PARAMETRIC_REPRESENTATION_CONTEXT() REPRESENTATION_CONTEXT('2D SPACE',''
  ) );
#444 = PCURVE('',#445,#450);
#445 = CYLINDRICAL_SURFACE('',#446,4.);
#446 = AXIS2_PLACEMENT_3D('',#447,#448,#449);
#447 = CARTESIAN_POINT('',(0.,-9.5,0.));
#448 = DIRECTION('',(0.,1.,0.));
#449 = DIRECTION('',(0.,-0.,1.));
#450 = DEFINITIONAL_REPRESENTATION('',(#451),#455);
#451 = LINE('',#452,#453);
#452 = CARTESIAN_POINT('',(0.,0.2));
#453 = VECTOR('',#454,1.);
#454 = DIRECTION('',(1.,0.));
#455 = ( GEOMETRIC_REPRESENTATION_CONTEXT(2) 
PARAMETRIC_REPRESENTATION_CONTEXT() REPRESENTATION_CONTEXT('2D SPACE',''
  ) );
#456 = ADVANCED_FACE('',(#457),#205,.F.);
#457 = FACE_BOUND('',#458,.F.);
#458 = EDGE_LOOP('',(#459,#460,#483,#505));
#459 = ORIENTED_EDGE('',*,*,#188,.F.);
#460 = ORIENTED_EDGE('',*,*,#461,.F.);
#461 = EDGE_CURVE('',#462,#189,#464,.T.);
#462 = VERTEX_POINT('',#463);
#463 = CARTESIAN_POINT('',(-3.673940397442E-16,-12.5,9.5));
#464 = SEAM_CURVE('',#465,(#469,#476),.PCURVE_S1.);
#465 = LINE('',#466,#467);
#466 = CARTESIAN_POINT('',(-3.673940397442E-16,-13.5,9.5));
#467 = VECTOR('',#468,1.);
#468 = DIRECTION('',(0.,1.,0.));
#469 = PCURVE('',#205,#470);
#470 = DEFINITIONAL_REPRESENTATION('',(#471),#475);
#471 = LINE('',#472,#473);
#472 = CARTESIAN_POINT('',(6.28318530718,-0.));
#473 = VECTOR('',#474,1.);
#474 = DIRECTION('',(0.,1.));
#475 = ( GEOMETRIC_REPRESENTATION_CONTEXT(2) 
PARAMETRIC_REPRESENTATION_CONTEXT() REPRESENTATION_CONTEXT('2D SPACE',''
  ) );
#476 = PCURVE('',#205,#477);
#477 = DEFINITIONAL_REPRESENTATION('',(#478),#482);
#478 = LINE('',#479,#480);
#479 = CARTESIAN_POINT('',(0.,-0.));
#480 = VECTOR('',#481,1.);
#481 = DIRECTION('',(0.,1.));
#482 = ( GEOMETRIC_REPRESENTATION_CONTEXT(2) 
PARAMETRIC_REPRESENTATION_CONTEXT() REPRESENTATION_CONTEXT('2D SPACE',''
  ) );
#483 = ORIENTED_EDGE('',*,*,#484,.T.);
#484 = EDGE_CURVE('',#462,#462,#485,.T.);
#485 = SURFACE_CURVE('',#486,(#491,#498),.PCURVE_S1.);
#486 = CIRCLE('',#487,1.5);
#487 = AXIS2_PLACEMENT_3D('',#488,#489,#490);
#488 = CARTESIAN_POINT('',(0.,-12.5,8.));
#489 = DIRECTION('',(0.,1.,0.));
#490 = DIRECTION('',(0.,-0.,1.));
#491 = PCURVE('',#205,#492);
#492 = DEFINITIONAL_REPRESENTATION('',(#493),#497);
#493 = LINE('',#494,#495);
#494 = CARTESIAN_POINT('',(0.,1.));
#495 = VECTOR('',#496,1.);
#496 = DIRECTION('',(1.,0.));
#497 = ( GEOMETRIC_REPRESENTATION_CONTEXT(2) 
PARAMETRIC_REPRESENTATION_CONTEXT() REPRESENTATION_CONTEXT('2D SPACE',''
  ) );
#498 = PCURVE('',#290,#499);
#499 = DEFINITIONAL_REPRESENTATION('',(#500),#504);
#500 = CIRCLE('',#501,1.5);
#501 = AXIS2_PLACEMENT_2D('',#502,#503);
#502 = CARTESIAN_POINT('',(8.,0.));
#503 = DIRECTION('',(1.,0.));
#504 = ( GEOMETRIC_REPRESENTATION_CONTEXT(2) 
PARAMETRIC_REPRESENTATION_CONTEXT() REPRESENTATION_CONTEXT('2D SPACE',''
  ) );
#505 = ORIENTED_EDGE('',*,*,#461,.T.);
#506 = ADVANCED_FACE('',(#507),#236,.F.);
#507 = FACE_BOUND('',#508,.F.);
#508 = EDGE_LOOP('',(#509,#510,#533,#555));
#509 = ORIENTED_EDGE('',*,*,#219,.F.);
#510 = ORIENTED_EDGE('',*,*,#511,.F.);
#511 = EDGE_CURVE('',#512,#220,#514,.T.);
#512 = VERTEX_POINT('',#513);
#513 = CARTESIAN_POINT('',(8.,-12.5,1.5));
#514 = SEAM_CURVE('',#515,(#519,#526),.PCURVE_S1.);
#515 = LINE('',#516,#517);
#516 = CARTESIAN_POINT('',(8.,-13.5,1.5));
#517 = VECTOR('',#518,1.);
#518 = DIRECTION('',(0.,1.,0.));
#519 = PCURVE('',#236,#520);
#520 = DEFINITIONAL_REPRESENTATION('',(#521),#525);
#521 = LINE('',#522,#523);
#522 = CARTESIAN_POINT('',(6.28318530718,-0.));
#523 = VECTOR('',#524,1.);
#524 = DIRECTION('',(0.,1.));
#525 = ( GEOMETRIC_REPRESENTATION_CONTEXT(2) 
PARAMETRIC_REPRESENTATION_CONTEXT() REPRESENTATION_CONTEXT('2D SPACE',''
  ) );
#526 = PCURVE('',#236,#527);
#527 = DEFINITIONAL_REPRESENTATION('',(#528),#532);
#528 = LINE('',#529,#530);
#529 = CARTESIAN_POINT('',(0.,-0.));
#530 = VECTOR('',#531,1.);
#531 = DIRECTION('',(0.,1.));
#532 = ( GEOMETRIC_REPRESENTATION_CONTEXT(2) 
PARAMETRIC_REPRESENTATION_CONTEXT() REPRESENTATION_CONTEXT('2D SPACE',''
  ) );
#533 = ORIENTED_EDGE('',*,*,#534,.T.);
#534 = EDGE_CURVE('',#512,#512,#535,.T.);
#535 = SURFACE_CURVE('',#536,(#541,#548),.PCURVE_S1.);
#536 = CIRCLE('',#537,1.5);
#537 = AXIS2_PLACEMENT_3D('',#538,#539,#540);
#538 = CARTESIAN_POINT('',(8.,-12.5,0.));
#539 = DIRECTION('',(0.,1.,0.));
#540 = DIRECTION('',(0.,-0.,1.));
#541 = PCURVE('',#236,#542);
#542 = DEFINITIONAL_REPRESENTATION('',(#543),#547);
#543 = LINE('',#544,#545);
#544 = CARTESIAN_POINT('',(0.,1.));
#545 = VECTOR('',#546,1.);
#546 = DIRECTION('',(1.,0.));
#547 = ( GEOMETRIC_REPRESENTATION_CONTEXT(2) 
PARAMETRIC_REPRESENTATION_CONTEXT() REPRESENTATION_CONTEXT('2D SPACE',''
  ) );
#548 = PCURVE('',#290,#549);
#549 = DEFINITIONAL_REPRESENTATION('',(#550),#554);
#550 = CIRCLE('',#551,1.5);
#551 = AXIS2_PLACEMENT_2D('',#552,#553);
#552 = CARTESIAN_POINT('',(0.,8.));
#553 = DIRECTION('',(1.,0.));
#554 = ( GEOMETRIC_REPRESENTATION_CONTEXT(2) 
PARAMETRIC_REPRESENTATION_CONTEXT() REPRESENTATION_CONTEXT('2D SPACE',''
  ) );
#555 = ORIENTED_EDGE('',*,*,#511,.T.);
#556 = ADVANCED_FACE('',(#557,#560,#563,#566,#569),#290,.F.);
#557 = FACE_BOUND('',#558,.F.);
#558 = EDGE_LOOP('',(#559));
#559 = ORIENTED_EDGE('',*,*,#275,.T.);
#560 = FACE_BOUND('',#561,.F.);
#561 = EDGE_LOOP('',(#562));
#562 = ORIENTED_EDGE('',*,*,#330,.F.);
#563 = FACE_BOUND('',#564,.F.);
#564 = EDGE_LOOP('',(#565));
#565 = ORIENTED_EDGE('',*,*,#380,.F.);
#566 = FACE_BOUND('',#567,.F.);
#567 = EDGE_LOOP('',(#568));
#568 = ORIENTED_EDGE('',*,*,#484,.F.);
#569 = FACE_BOUND('',#570,.F.);
#570 = EDGE_LOOP('',(#571));
#571 = ORIENTED_EDGE('',*,*,#534,.F.);
#572 = ADVANCED_FACE('',(#573),#445,.T.);
#573 = FACE_BOUND('',#574,.T.);
#574 = EDGE_LOOP('',(#575,#598,#625,#626));
#575 = ORIENTED_EDGE('',*,*,#576,.T.);
#576 = EDGE_CURVE('',#407,#577,#579,.T.);
#577 = VERTEX_POINT('',#578);
#578 = CARTESIAN_POINT('',(-9.797174393179E-16,5.,4.));
#579 = SEAM_CURVE('',#580,(#584,#591),.PCURVE_S1.);
#580 = LINE('',#581,#582);
#581 = CARTESIAN_POINT('',(-9.797174393179E-16,-9.5,4.));
#582 = VECTOR('',#583,1.);
#583 = DIRECTION('',(0.,1.,0.));
#584 = PCURVE('',#445,#585);
#585 = DEFINITIONAL_REPRESENTATION('',(#586),#590);
#586 = LINE('',#587,#588);
#587 = CARTESIAN_POINT('',(6.28318530718,-0.));
#588 = VECTOR('',#589,1.);
#589 = DIRECTION('',(0.,1.));
#590 = ( GEOMETRIC_REPRESENTATION_CONTEXT(2) 
PARAMETRIC_REPRESENTATION_CONTEXT() REPRESENTATION_CONTEXT('2D SPACE',''
  ) );
#591 = PCURVE('',#445,#592);
#592 = DEFINITIONAL_REPRESENTATION('',(#593),#597);
#593 = LINE('',#594,#595);
#594 = CARTESIAN_POINT('',(0.,-0.));
#595 = VECTOR('',#596,1.);
#596 = DIRECTION('',(0.,1.));
#597 = ( GEOMETRIC_REPRESENTATION_CONTEXT(2) 
PARAMETRIC_REPRESENTATION_CONTEXT() REPRESENTATION_CONTEXT('2D SPACE',''
  ) );
#598 = ORIENTED_EDGE('',*,*,#599,.F.);
#599 = EDGE_CURVE('',#577,#577,#600,.T.);
#600 = SURFACE_CURVE('',#601,(#606,#613),.PCURVE_S1.);
#601 = CIRCLE('',#602,4.);
#602 = AXIS2_PLACEMENT_3D('',#603,#604,#605);
#603 = CARTESIAN_POINT('',(0.,5.,0.));
#604 = DIRECTION('',(0.,1.,0.));
#605 = DIRECTION('',(0.,-0.,1.));
#606 = PCURVE('',#445,#607);
#607 = DEFINITIONAL_REPRESENTATION('',(#608),#612);
#608 = LINE('',#609,#610);
#609 = CARTESIAN_POINT('',(0.,14.5));
#610 = VECTOR('',#611,1.);
#611 = DIRECTION('',(1.,0.));
#612 = ( GEOMETRIC_REPRESENTATION_CONTEXT(2) 
PARAMETRIC_REPRESENTATION_CONTEXT() REPRESENTATION_CONTEXT('2D SPACE',''
  ) );
#613 = PCURVE('',#614,#619);
#614 = PLANE('',#615);
#615 = AXIS2_PLACEMENT_3D('',#616,#617,#618);
#616 = CARTESIAN_POINT('',(0.,5.,0.));
#617 = DIRECTION('',(0.,1.,0.));
#618 = DIRECTION('',(0.,-0.,1.));
#619 = DEFINITIONAL_REPRESENTATION('',(#620),#624);
#620 = CIRCLE('',#621,4.);
#621 = AXIS2_PLACEMENT_2D('',#622,#623);
#622 = CARTESIAN_POINT('',(0.,0.));
#623 = DIRECTION('',(1.,0.));
#624 = ( GEOMETRIC_REPRESENTATION_CONTEXT(2) 
PARAMETRIC_REPRESENTATION_CONTEXT() REPRESENTATION_CONTEXT('2D SPACE',''
  ) );
#625 = ORIENTED_EDGE('',*,*,#576,.F.);
#626 = ORIENTED_EDGE('',*,*,#430,.T.);
#627 = ADVANCED_FACE('',(#628),#614,.T.);
#628 = FACE_BOUND('',#629,.T.);
#629 = EDGE_LOOP('',(#630));
#630 = ORIENTED_EDGE('',*,*,#599,.T.);
#631 = ( GEOMETRIC_REPRESENTATION_CONTEXT(3) 
GLOBAL_UNCERTAINTY_ASSIGNED_CONTEXT((#635)) GLOBAL_UNIT_ASSIGNED_CONTEXT
((#632,#633,#634)) REPRESENTATION_CONTEXT('Context #1',
  '3D Context with UNIT and UNCERTAINTY') );
#632 = ( LENGTH_UNIT() NAMED_UNIT(*) SI_UNIT(.MILLI.,.METRE.) );
#633 = ( NAMED_UNIT(*) PLANE_ANGLE_UNIT() SI_UNIT($,.RADIAN.) );
#634 = ( NAMED_UNIT(*) SI_UNIT($,.STERADIAN.) SOLID_ANGLE_UNIT() );
#635 = UNCERTAINTY_MEASURE_WITH_UNIT(LENGTH_MEASURE(1.E-07),#632,
  'distance_accuracy_value','confusion accuracy');
#636 = CONTEXT_DEPENDENT_SHAPE_REPRESENTATION(#637,#639);
#637 = ( REPRESENTATION_RELATIONSHIP('','',#52,#10) 
REPRESENTATION_RELATIONSHIP_WITH_TRANSFORMATION(#638) 
SHAPE_REPRESENTATION_RELATIONSHIP() );
#638 = ITEM_DEFINED_TRANSFORMATION('','',#11,#15);
#639 = PRODUCT_DEFINITION_SHAPE('Placement','Placement of an item',#640
  );
#640 = NEXT_ASSEMBLY_USAGE_OCCURRENCE('1','C1-SHAFT','',#5,#47,$);
#641 = PRODUCT_RELATED_PRODUCT_CATEGORY('part',$,(#49));
#642 = SHAPE_DEFINITION_REPRESENTATION(#643,#649);
#643 = PRODUCT_DEFINITION_SHAPE('','',#644);
#644 = PRODUCT_DEFINITION('design','',#645,#648);
#645 = PRODUCT_DEFINITION_FORMATION('','',#646);
#646 = PRODUCT('C1-ARM','C1-ARM','',(#647));
#647 = PRODUCT_CONTEXT('',#2,'mechanical');
#648 = PRODUCT_DEFINITION_CONTEXT('part definition',#2,'design');
#649 = ADVANCED_BREP_SHAPE_REPRESENTATION('',(#11,#650),#1685);
#650 = MANIFOLD_SOLID_BREP('',#651);
#651 = CLOSED_SHELL('',(#652,#964,#1045,#1094,#1143,#1171,#1225,#1279,
    #1334,#1389,#1444,#1498,#1604,#1631,#1658));
#652 = ADVANCED_FACE('',(#653,#778,#809,#840,#871,#902,#933),#668,.T.);
#653 = FACE_BOUND('',#654,.F.);
#654 = EDGE_LOOP('',(#655,#691,#719,#752));
#655 = ORIENTED_EDGE('',*,*,#656,.F.);
#656 = EDGE_CURVE('',#657,#659,#661,.T.);
#657 = VERTEX_POINT('',#658);
#658 = CARTESIAN_POINT('',(6.633249580711,-9.5,10.));
#659 = VERTEX_POINT('',#660);
#660 = CARTESIAN_POINT('',(6.633249580711,-9.5,-10.));
#661 = SURFACE_CURVE('',#662,(#667,#679),.PCURVE_S1.);
#662 = CIRCLE('',#663,12.);
#663 = AXIS2_PLACEMENT_3D('',#664,#665,#666);
#664 = CARTESIAN_POINT('',(0.,-9.5,0.));
#665 = DIRECTION('',(0.,-1.,1.110223024625E-16));
#666 = DIRECTION('',(1.,0.,0.));
#667 = PCURVE('',#668,#673);
#668 = PLANE('',#669);
#669 = AXIS2_PLACEMENT_3D('',#670,#671,#672);
#670 = CARTESIAN_POINT('',(120.,-9.5,-1.315819881037E-17));
#671 = DIRECTION('',(0.,-1.,1.110223024625E-16));
#672 = DIRECTION('',(1.,-0.,0.));
#673 = DEFINITIONAL_REPRESENTATION('',(#674),#678);
#674 = CIRCLE('',#675,12.);
#675 = AXIS2_PLACEMENT_2D('',#676,#677);
#676 = CARTESIAN_POINT('',(-120.,1.315819881037E-17));
#677 = DIRECTION('',(1.,-0.));
#678 = ( GEOMETRIC_REPRESENTATION_CONTEXT(2) 
PARAMETRIC_REPRESENTATION_CONTEXT() REPRESENTATION_CONTEXT('2D SPACE',''
  ) );
#679 = PCURVE('',#680,#685);
#680 = CYLINDRICAL_SURFACE('',#681,12.);
#681 = AXIS2_PLACEMENT_3D('',#682,#683,#684);
#682 = CARTESIAN_POINT('',(0.,-9.5,0.));
#683 = DIRECTION('',(0.,-1.,1.110223024625E-16));
#684 = DIRECTION('',(1.,0.,0.));
#685 = DEFINITIONAL_REPRESENTATION('',(#686),#690);
#686 = LINE('',#687,#688);
#687 = CARTESIAN_POINT('',(0.,0.));
#688 = VECTOR('',#689,1.);
#689 = DIRECTION('',(1.,0.));
#690 = ( GEOMETRIC_REPRESENTATION_CONTEXT(2) 
PARAMETRIC_REPRESENTATION_CONTEXT() REPRESENTATION_CONTEXT('2D SPACE',''
  ) );
#691 = ORIENTED_EDGE('',*,*,#692,.T.);
#692 = EDGE_CURVE('',#657,#693,#695,.T.);
#693 = VERTEX_POINT('',#694);
#694 = CARTESIAN_POINT('',(240.,-9.5,10.));
#695 = SURFACE_CURVE('',#696,(#700,#707),.PCURVE_S1.);
#696 = LINE('',#697,#698);
#697 = CARTESIAN_POINT('',(0.,-9.5,10.));
#698 = VECTOR('',#699,1.);
#699 = DIRECTION('',(1.,0.,0.));
#700 = PCURVE('',#668,#701);
#701 = DEFINITIONAL_REPRESENTATION('',(#702),#706);
#702 = LINE('',#703,#704);
#703 = CARTESIAN_POINT('',(-120.,10.));
#704 = VECTOR('',#705,1.);
#705 = DIRECTION('',(1.,-0.));
#706 = ( GEOMETRIC_REPRESENTATION_CONTEXT(2) 
PARAMETRIC_REPRESENTATION_CONTEXT() REPRESENTATION_CONTEXT('2D SPACE',''
  ) );
#707 = PCURVE('',#708,#713);
#708 = PLANE('',#709);
#709 = AXIS2_PLACEMENT_3D('',#710,#711,#712);
#710 = CARTESIAN_POINT('',(0.,-9.5,10.));
#711 = DIRECTION('',(0.,1.110223024625E-16,1.));
#712 = DIRECTION('',(-1.,-0.,-0.));
#713 = DEFINITIONAL_REPRESENTATION('',(#714),#718);
#714 = LINE('',#715,#716);
#715 = CARTESIAN_POINT('',(-0.,0.));
#716 = VECTOR('',#717,1.);
#717 = DIRECTION('',(-1.,0.));
#718 = ( GEOMETRIC_REPRESENTATION_CONTEXT(2) 
PARAMETRIC_REPRESENTATION_CONTEXT() REPRESENTATION_CONTEXT('2D SPACE',''
  ) );
#719 = ORIENTED_EDGE('',*,*,#720,.T.);
#720 = EDGE_CURVE('',#693,#721,#723,.T.);
#721 = VERTEX_POINT('',#722);
#722 = CARTESIAN_POINT('',(240.,-9.5,-10.));
#723 = SURFACE_CURVE('',#724,(#729,#740),.PCURVE_S1.);
#724 = CIRCLE('',#725,10.);
#725 = AXIS2_PLACEMENT_3D('',#726,#727,#728);
#726 = CARTESIAN_POINT('',(240.,-9.5,-8.881784197001E-16));
#727 = DIRECTION('',(0.,1.,-1.110223024625E-16));
#728 = DIRECTION('',(0.,1.110223024625E-16,1.));
#729 = PCURVE('',#668,#730);
#730 = DEFINITIONAL_REPRESENTATION('',(#731),#739);
#731 = ( BOUNDED_CURVE() B_SPLINE_CURVE(2,(#732,#733,#734,#735,#736,#737
,#738),.UNSPECIFIED.,.T.,.F.) B_SPLINE_CURVE_WITH_KNOTS((1,2,2,2,2,1),(
    -2.094395102393,0.,2.094395102393,4.188790204786,6.28318530718,
8.377580409573),.UNSPECIFIED.) CURVE() GEOMETRIC_REPRESENTATION_ITEM() 
RATIONAL_B_SPLINE_CURVE((1.,0.5,1.,0.5,1.,0.5,1.)) REPRESENTATION_ITEM(
  '') );
#732 = CARTESIAN_POINT('',(120.,10.));
#733 = CARTESIAN_POINT('',(137.32050807568,10.));
#734 = CARTESIAN_POINT('',(128.66025403784,-5.));
#735 = CARTESIAN_POINT('',(120.,-20.));
#736 = CARTESIAN_POINT('',(111.33974596215,-5.));
#737 = CARTESIAN_POINT('',(102.67949192431,10.));
#738 = CARTESIAN_POINT('',(120.,10.));
#739 = ( GEOMETRIC_REPRESENTATION_CONTEXT(2) 
PARAMETRIC_REPRESENTATION_CONTEXT() REPRESENTATION_CONTEXT('2D SPACE',''
  ) );
#740 = PCURVE('',#741,#746);
#741 = CYLINDRICAL_SURFACE('',#742,10.);
#742 = AXIS2_PLACEMENT_3D('',#743,#744,#745);
#743 = CARTESIAN_POINT('',(240.,-9.5,-8.881784197001E-16));
#744 = DIRECTION('',(0.,-1.,1.110223024625E-16));
#745 = DIRECTION('',(0.,1.110223024625E-16,1.));
#746 = DEFINITIONAL_REPRESENTATION('',(#747),#751);
#747 = LINE('',#748,#749);
#748 = CARTESIAN_POINT('',(-0.,0.));
#749 = VECTOR('',#750,1.);
#750 = DIRECTION('',(-1.,0.));
#751 = ( GEOMETRIC_REPRESENTATION_CONTEXT(2) 
PARAMETRIC_REPRESENTATION_CONTEXT() REPRESENTATION_CONTEXT('2D SPACE',''
  ) );
#752 = ORIENTED_EDGE('',*,*,#753,.T.);
#753 = EDGE_CURVE('',#721,#659,#754,.T.);
#754 = SURFACE_CURVE('',#755,(#759,#766),.PCURVE_S1.);
#755 = LINE('',#756,#757);
#756 = CARTESIAN_POINT('',(240.,-9.5,-10.));
#757 = VECTOR('',#758,1.);
#758 = DIRECTION('',(-1.,0.,-0.));
#759 = PCURVE('',#668,#760);
#760 = DEFINITIONAL_REPRESENTATION('',(#761),#765);
#761 = LINE('',#762,#763);
#762 = CARTESIAN_POINT('',(120.,-10.));
#763 = VECTOR('',#764,1.);
#764 = DIRECTION('',(-1.,0.));
#765 = ( GEOMETRIC_REPRESENTATION_CONTEXT(2) 
PARAMETRIC_REPRESENTATION_CONTEXT() REPRESENTATION_CONTEXT('2D SPACE',''
  ) );
#766 = PCURVE('',#767,#772);
#767 = PLANE('',#768);
#768 = AXIS2_PLACEMENT_3D('',#769,#770,#771);
#769 = CARTESIAN_POINT('',(240.,-9.5,-10.));
#770 = DIRECTION('',(-0.,-1.110223024625E-16,-1.));
#771 = DIRECTION('',(1.,-0.,0.));
#772 = DEFINITIONAL_REPRESENTATION('',(#773),#777);
#773 = LINE('',#774,#775);
#774 = CARTESIAN_POINT('',(-0.,0.));
#775 = VECTOR('',#776,1.);
#776 = DIRECTION('',(-1.,0.));
#777 = ( GEOMETRIC_REPRESENTATION_CONTEXT(2) 
PARAMETRIC_REPRESENTATION_CONTEXT() REPRESENTATION_CONTEXT('2D SPACE',''
  ) );
#778 = FACE_BOUND('',#779,.F.);
#779 = EDGE_LOOP('',(#780));
#780 = ORIENTED_EDGE('',*,*,#781,.T.);
#781 = EDGE_CURVE('',#782,#782,#784,.T.);
#782 = VERTEX_POINT('',#783);
#783 = CARTESIAN_POINT('',(2.5,-9.5,-8.));
#784 = SURFACE_CURVE('',#785,(#790,#797),.PCURVE_S1.);
#785 = CIRCLE('',#786,1.5);
#786 = AXIS2_PLACEMENT_3D('',#787,#788,#789);
#787 = CARTESIAN_POINT('',(1.,-9.5,-8.));
#788 = DIRECTION('',(0.,-1.,1.110223024625E-16));
#789 = DIRECTION('',(1.,0.,0.));
#790 = PCURVE('',#668,#791);
#791 = DEFINITIONAL_REPRESENTATION('',(#792),#796);
#792 = CIRCLE('',#793,1.5);
#793 = AXIS2_PLACEMENT_2D('',#794,#795);
#794 = CARTESIAN_POINT('',(-119.,-8.));
#795 = DIRECTION('',(1.,-0.));
#796 = ( GEOMETRIC_REPRESENTATION_CONTEXT(2) 
PARAMETRIC_REPRESENTATION_CONTEXT() REPRESENTATION_CONTEXT('2D SPACE',''
  ) );
#797 = PCURVE('',#798,#803);
#798 = CYLINDRICAL_SURFACE('',#799,1.5);
#799 = AXIS2_PLACEMENT_3D('',#800,#801,#802);
#800 = CARTESIAN_POINT('',(1.,-10.5,-8.));
#801 = DIRECTION('',(-0.,1.,-1.110223024625E-16));
#802 = DIRECTION('',(1.,0.,0.));
#803 = DEFINITIONAL_REPRESENTATION('',(#804),#808);
#804 = LINE('',#805,#806);
#805 = CARTESIAN_POINT('',(-0.,1.));
#806 = VECTOR('',#807,1.);
#807 = DIRECTION('',(-1.,0.));
#808 = ( GEOMETRIC_REPRESENTATION_CONTEXT(2) 
PARAMETRIC_REPRESENTATION_CONTEXT() REPRESENTATION_CONTEXT('2D SPACE',''
  ) );
#809 = FACE_BOUND('',#810,.F.);
#810 = EDGE_LOOP('',(#811));
#811 = ORIENTED_EDGE('',*,*,#812,.T.);
#812 = EDGE_CURVE('',#813,#813,#815,.T.);
#813 = VERTEX_POINT('',#814);
#814 = CARTESIAN_POINT('',(244.05,-9.5,-9.919639073094E-16));
#815 = SURFACE_CURVE('',#816,(#821,#828),.PCURVE_S1.);
#816 = CIRCLE('',#817,4.05);
#817 = AXIS2_PLACEMENT_3D('',#818,#819,#820);
#818 = CARTESIAN_POINT('',(240.,-9.5,0.));
#819 = DIRECTION('',(0.,-1.,1.110223024625E-16));
#820 = DIRECTION('',(1.,0.,0.));
#821 = PCURVE('',#668,#822);
#822 = DEFINITIONAL_REPRESENTATION('',(#823),#827);
#823 = CIRCLE('',#824,4.05);
#824 = AXIS2_PLACEMENT_2D('',#825,#826);
#825 = CARTESIAN_POINT('',(120.,1.315819881037E-17));
#826 = DIRECTION('',(1.,-0.));
#827 = ( GEOMETRIC_REPRESENTATION_CONTEXT(2) 
PARAMETRIC_REPRESENTATION_CONTEXT() REPRESENTATION_CONTEXT('2D SPACE',''
  ) );
#828 = PCURVE('',#829,#834);
#829 = CYLINDRICAL_SURFACE('',#830,4.05);
#830 = AXIS2_PLACEMENT_3D('',#831,#832,#833);
#831 = CARTESIAN_POINT('',(240.,-10.5,1.110223024625E-16));
#832 = DIRECTION('',(-0.,1.,-1.110223024625E-16));
#833 = DIRECTION('',(1.,0.,0.));
#834 = DEFINITIONAL_REPRESENTATION('',(#835),#839);
#835 = LINE('',#836,#837);
#836 = CARTESIAN_POINT('',(-0.,1.));
#837 = VECTOR('',#838,1.);
#838 = DIRECTION('',(-1.,0.));
#839 = ( GEOMETRIC_REPRESENTATION_CONTEXT(2) 
PARAMETRIC_REPRESENTATION_CONTEXT() REPRESENTATION_CONTEXT('2D SPACE',''
  ) );
#840 = FACE_BOUND('',#841,.F.);
#841 = EDGE_LOOP('',(#842));
#842 = ORIENTED_EDGE('',*,*,#843,.T.);
#843 = EDGE_CURVE('',#844,#844,#846,.T.);
#844 = VERTEX_POINT('',#845);
#845 = CARTESIAN_POINT('',(9.7,-9.5,-4.163799117101E-16));
#846 = SURFACE_CURVE('',#847,(#852,#859),.PCURVE_S1.);
#847 = CIRCLE('',#848,1.7);
#848 = AXIS2_PLACEMENT_3D('',#849,#850,#851);
#849 = CARTESIAN_POINT('',(8.,-9.5,0.));
#850 = DIRECTION('',(0.,-1.,1.110223024625E-16));
#851 = DIRECTION('',(1.,0.,0.));
#852 = PCURVE('',#668,#853);
#853 = DEFINITIONAL_REPRESENTATION('',(#854),#858);
#854 = CIRCLE('',#855,1.7);
#855 = AXIS2_PLACEMENT_2D('',#856,#857);
#856 = CARTESIAN_POINT('',(-112.,1.315819881037E-17));
#857 = DIRECTION('',(1.,-0.));
#858 = ( GEOMETRIC_REPRESENTATION_CONTEXT(2) 
PARAMETRIC_REPRESENTATION_CONTEXT() REPRESENTATION_CONTEXT('2D SPACE',''
  ) );
#859 = PCURVE('',#860,#865);
#860 = CYLINDRICAL_SURFACE('',#861,1.7);
#861 = AXIS2_PLACEMENT_3D('',#862,#863,#864);
#862 = CARTESIAN_POINT('',(8.,-10.5,1.110223024625E-16));
#863 = DIRECTION('',(-0.,1.,-1.110223024625E-16));
#864 = DIRECTION('',(1.,0.,0.));
#865 = DEFINITIONAL_REPRESENTATION('',(#866),#870);
#866 = LINE('',#867,#868);
#867 = CARTESIAN_POINT('',(-0.,1.));
#868 = VECTOR('',#869,1.);
#869 = DIRECTION('',(-1.,0.));
#870 = ( GEOMETRIC_REPRESENTATION_CONTEXT(2) 
PARAMETRIC_REPRESENTATION_CONTEXT() REPRESENTATION_CONTEXT('2D SPACE',''
  ) );
#871 = FACE_BOUND('',#872,.F.);
#872 = EDGE_LOOP('',(#873));
#873 = ORIENTED_EDGE('',*,*,#874,.T.);
#874 = EDGE_CURVE('',#875,#875,#877,.T.);
#875 = VERTEX_POINT('',#876);
#876 = CARTESIAN_POINT('',(4.425,-9.5,-1.083812417245E-15));
#877 = SURFACE_CURVE('',#878,(#883,#890),.PCURVE_S1.);
#878 = CIRCLE('',#879,4.425);
#879 = AXIS2_PLACEMENT_3D('',#880,#881,#882);
#880 = CARTESIAN_POINT('',(0.,-9.5,0.));
#881 = DIRECTION('',(0.,-1.,1.110223024625E-16));
#882 = DIRECTION('',(1.,0.,0.));
#883 = PCURVE('',#668,#884);
#884 = DEFINITIONAL_REPRESENTATION('',(#885),#889);
#885 = CIRCLE('',#886,4.425);
#886 = AXIS2_PLACEMENT_2D('',#887,#888);
#887 = CARTESIAN_POINT('',(-120.,1.315819881037E-17));
#888 = DIRECTION('',(1.,-0.));
#889 = ( GEOMETRIC_REPRESENTATION_CONTEXT(2) 
PARAMETRIC_REPRESENTATION_CONTEXT() REPRESENTATION_CONTEXT('2D SPACE',''
  ) );
#890 = PCURVE('',#891,#896);
#891 = CONICAL_SURFACE('',#892,4.425,0.785398163397);
#892 = AXIS2_PLACEMENT_3D('',#893,#894,#895);
#893 = CARTESIAN_POINT('',(0.,-9.5,0.));
#894 = DIRECTION('',(0.,-1.,1.110223024625E-16));
#895 = DIRECTION('',(1.,0.,0.));
#896 = DEFINITIONAL_REPRESENTATION('',(#897),#901);
#897 = LINE('',#898,#899);
#898 = CARTESIAN_POINT('',(0.,-0.));
#899 = VECTOR('',#900,1.);
#900 = DIRECTION('',(1.,-0.));
#901 = ( GEOMETRIC_REPRESENTATION_CONTEXT(2) 
PARAMETRIC_REPRESENTATION_CONTEXT() REPRESENTATION_CONTEXT('2D SPACE',''
  ) );
#902 = FACE_BOUND('',#903,.F.);
#903 = EDGE_LOOP('',(#904));
#904 = ORIENTED_EDGE('',*,*,#905,.T.);
#905 = EDGE_CURVE('',#906,#906,#908,.T.);
#906 = VERTEX_POINT('',#907);
#907 = CARTESIAN_POINT('',(-6.3,-9.5,-4.163799117101E-16));
#908 = SURFACE_CURVE('',#909,(#914,#921),.PCURVE_S1.);
#909 = CIRCLE('',#910,1.7);
#910 = AXIS2_PLACEMENT_3D('',#911,#912,#913);
#911 = CARTESIAN_POINT('',(-8.,-9.5,0.));
#912 = DIRECTION('',(0.,-1.,1.110223024625E-16));
#913 = DIRECTION('',(1.,0.,0.));
#914 = PCURVE('',#668,#915);
#915 = DEFINITIONAL_REPRESENTATION('',(#916),#920);
#916 = CIRCLE('',#917,1.7);
#917 = AXIS2_PLACEMENT_2D('',#918,#919);
#918 = CARTESIAN_POINT('',(-128.,1.315819881037E-17));
#919 = DIRECTION('',(1.,-0.));
#920 = ( GEOMETRIC_REPRESENTATION_CONTEXT(2) 
PARAMETRIC_REPRESENTATION_CONTEXT() REPRESENTATION_CONTEXT('2D SPACE',''
  ) );
#921 = PCURVE('',#922,#927);
#922 = CYLINDRICAL_SURFACE('',#923,1.7);
#923 = AXIS2_PLACEMENT_3D('',#924,#925,#926);
#924 = CARTESIAN_POINT('',(-8.,-10.5,1.110223024625E-16));
#925 = DIRECTION('',(-0.,1.,-1.110223024625E-16));
#926 = DIRECTION('',(1.,0.,0.));
#927 = DEFINITIONAL_REPRESENTATION('',(#928),#932);
#928 = LINE('',#929,#930);
#929 = CARTESIAN_POINT('',(-0.,1.));
#930 = VECTOR('',#931,1.);
#931 = DIRECTION('',(-1.,0.));
#932 = ( GEOMETRIC_REPRESENTATION_CONTEXT(2) 
PARAMETRIC_REPRESENTATION_CONTEXT() REPRESENTATION_CONTEXT('2D SPACE',''
  ) );
#933 = FACE_BOUND('',#934,.F.);
#934 = EDGE_LOOP('',(#935));
#935 = ORIENTED_EDGE('',*,*,#936,.T.);
#936 = EDGE_CURVE('',#937,#937,#939,.T.);
#937 = VERTEX_POINT('',#938);
#938 = CARTESIAN_POINT('',(1.5,-9.5,8.));
#939 = SURFACE_CURVE('',#940,(#945,#952),.PCURVE_S1.);
#940 = CIRCLE('',#941,1.5);
#941 = AXIS2_PLACEMENT_3D('',#942,#943,#944);
#942 = CARTESIAN_POINT('',(0.,-9.5,8.));
#943 = DIRECTION('',(0.,-1.,1.110223024625E-16));
#944 = DIRECTION('',(1.,0.,0.));
#945 = PCURVE('',#668,#946);
#946 = DEFINITIONAL_REPRESENTATION('',(#947),#951);
#947 = CIRCLE('',#948,1.5);
#948 = AXIS2_PLACEMENT_2D('',#949,#950);
#949 = CARTESIAN_POINT('',(-120.,8.));
#950 = DIRECTION('',(1.,-0.));
#951 = ( GEOMETRIC_REPRESENTATION_CONTEXT(2) 
PARAMETRIC_REPRESENTATION_CONTEXT() REPRESENTATION_CONTEXT('2D SPACE',''
  ) );
#952 = PCURVE('',#953,#958);
#953 = CYLINDRICAL_SURFACE('',#954,1.5);
#954 = AXIS2_PLACEMENT_3D('',#955,#956,#957);
#955 = CARTESIAN_POINT('',(0.,-10.5,8.));
#956 = DIRECTION('',(-0.,1.,-1.110223024625E-16));
#957 = DIRECTION('',(1.,0.,0.));
#958 = DEFINITIONAL_REPRESENTATION('',(#959),#963);
#959 = LINE('',#960,#961);
#960 = CARTESIAN_POINT('',(-0.,1.));
#961 = VECTOR('',#962,1.);
#962 = DIRECTION('',(-1.,0.));
#963 = ( GEOMETRIC_REPRESENTATION_CONTEXT(2) 
PARAMETRIC_REPRESENTATION_CONTEXT() REPRESENTATION_CONTEXT('2D SPACE',''
  ) );
#964 = ADVANCED_FACE('',(#965),#680,.T.);
#965 = FACE_BOUND('',#966,.T.);
#966 = EDGE_LOOP('',(#967,#968,#991,#1024));
#967 = ORIENTED_EDGE('',*,*,#656,.F.);
#968 = ORIENTED_EDGE('',*,*,#969,.F.);
#969 = EDGE_CURVE('',#970,#657,#972,.T.);
#970 = VERTEX_POINT('',#971);
#971 = CARTESIAN_POINT('',(6.633249580711,-6.5,10.));
#972 = SURFACE_CURVE('',#973,(#977,#984),.PCURVE_S1.);
#973 = LINE('',#974,#975);
#974 = CARTESIAN_POINT('',(6.633249580711,-9.5,10.));
#975 = VECTOR('',#976,1.);
#976 = DIRECTION('',(0.,-1.,1.110223024625E-16));
#977 = PCURVE('',#680,#978);
#978 = DEFINITIONAL_REPRESENTATION('',(#979),#983);
#979 = LINE('',#980,#981);
#980 = CARTESIAN_POINT('',(0.985110783338,0.));
#981 = VECTOR('',#982,1.);
#982 = DIRECTION('',(0.,1.));
#983 = ( GEOMETRIC_REPRESENTATION_CONTEXT(2) 
PARAMETRIC_REPRESENTATION_CONTEXT() REPRESENTATION_CONTEXT('2D SPACE',''
  ) );
#984 = PCURVE('',#708,#985);
#985 = DEFINITIONAL_REPRESENTATION('',(#986),#990);
#986 = LINE('',#987,#988);
#987 = CARTESIAN_POINT('',(-6.633249580711,0.));
#988 = VECTOR('',#989,1.);
#989 = DIRECTION('',(-0.,1.));
#990 = ( GEOMETRIC_REPRESENTATION_CONTEXT(2) 
PARAMETRIC_REPRESENTATION_CONTEXT() REPRESENTATION_CONTEXT('2D SPACE',''
  ) );
#991 = ORIENTED_EDGE('',*,*,#992,.T.);
#992 = EDGE_CURVE('',#970,#993,#995,.T.);
#993 = VERTEX_POINT('',#994);
#994 = CARTESIAN_POINT('',(6.633249580711,-6.5,-10.));
#995 = SURFACE_CURVE('',#996,(#1001,#1008),.PCURVE_S1.);
#996 = CIRCLE('',#997,12.);
#997 = AXIS2_PLACEMENT_3D('',#998,#999,#1000);
#998 = CARTESIAN_POINT('',(0.,-6.5,-3.330669073875E-16));
#999 = DIRECTION('',(0.,-1.,1.110223024625E-16));
#1000 = DIRECTION('',(1.,0.,0.));
#1001 = PCURVE('',#680,#1002);
#1002 = DEFINITIONAL_REPRESENTATION('',(#1003),#1007);
#1003 = LINE('',#1004,#1005);
#1004 = CARTESIAN_POINT('',(0.,-3.));
#1005 = VECTOR('',#1006,1.);
#1006 = DIRECTION('',(1.,0.));
#1007 = ( GEOMETRIC_REPRESENTATION_CONTEXT(2) 
PARAMETRIC_REPRESENTATION_CONTEXT() REPRESENTATION_CONTEXT('2D SPACE',''
  ) );
#1008 = PCURVE('',#1009,#1014);
#1009 = PLANE('',#1010);
#1010 = AXIS2_PLACEMENT_3D('',#1011,#1012,#1013);
#1011 = CARTESIAN_POINT('',(-6.837200662697E-16,-6.5,-3.671122495333E-16
    ));
#1012 = DIRECTION('',(-0.,1.,-1.110223024625E-16));
#1013 = DIRECTION('',(-1.,-0.,-0.));
#1014 = DEFINITIONAL_REPRESENTATION('',(#1015),#1023);
#1015 = ( BOUNDED_CURVE() B_SPLINE_CURVE(2,(#1016,#1017,#1018,#1019,
#1020,#1021,#1022),.UNSPECIFIED.,.T.,.F.) B_SPLINE_CURVE_WITH_KNOTS((1,2
    ,2,2,2,1),(-2.094395102393,0.,2.094395102393,4.188790204786,
6.28318530718,8.377580409573),.UNSPECIFIED.) CURVE() 
GEOMETRIC_REPRESENTATION_ITEM() RATIONAL_B_SPLINE_CURVE((1.,0.5,1.,0.5,
1.,0.5,1.)) REPRESENTATION_ITEM('') );
#1016 = CARTESIAN_POINT('',(-12.,3.40453421458E-17));
#1017 = CARTESIAN_POINT('',(-12.,20.784609690827));
#1018 = CARTESIAN_POINT('',(6.,10.392304845413));
#1019 = CARTESIAN_POINT('',(24.,2.973197660099E-15));
#1020 = CARTESIAN_POINT('',(6.,-10.39230484541));
#1021 = CARTESIAN_POINT('',(-12.,-20.78460969082));
#1022 = CARTESIAN_POINT('',(-12.,3.40453421458E-17));
#1023 = ( GEOMETRIC_REPRESENTATION_CONTEXT(2) 
PARAMETRIC_REPRESENTATION_CONTEXT() REPRESENTATION_CONTEXT('2D SPACE',''
  ) );
#1024 = ORIENTED_EDGE('',*,*,#1025,.T.);
#1025 = EDGE_CURVE('',#993,#659,#1026,.T.);
#1026 = SURFACE_CURVE('',#1027,(#1031,#1038),.PCURVE_S1.);
#1027 = LINE('',#1028,#1029);
#1028 = CARTESIAN_POINT('',(6.633249580711,-9.5,-10.));
#1029 = VECTOR('',#1030,1.);
#1030 = DIRECTION('',(0.,-1.,1.110223024625E-16));
#1031 = PCURVE('',#680,#1032);
#1032 = DEFINITIONAL_REPRESENTATION('',(#1033),#1037);
#1033 = LINE('',#1034,#1035);
#1034 = CARTESIAN_POINT('',(5.298074523842,0.));
#1035 = VECTOR('',#1036,1.);
#1036 = DIRECTION('',(0.,1.));
#1037 = ( GEOMETRIC_REPRESENTATION_CONTEXT(2) 
PARAMETRIC_REPRESENTATION_CONTEXT() REPRESENTATION_CONTEXT('2D SPACE',''
  ) );
#1038 = PCURVE('',#767,#1039);
#1039 = DEFINITIONAL_REPRESENTATION('',(#1040),#1044);
#1040 = LINE('',#1041,#1042);
#1041 = CARTESIAN_POINT('',(-233.3667504192,0.));
#1042 = VECTOR('',#1043,1.);
#1043 = DIRECTION('',(0.,1.));
#1044 = ( GEOMETRIC_REPRESENTATION_CONTEXT(2) 
PARAMETRIC_REPRESENTATION_CONTEXT() REPRESENTATION_CONTEXT('2D SPACE',''
  ) );
#1045 = ADVANCED_FACE('',(#1046),#708,.T.);
#1046 = FACE_BOUND('',#1047,.F.);
#1047 = EDGE_LOOP('',(#1048,#1049,#1050,#1073));
#1048 = ORIENTED_EDGE('',*,*,#692,.F.);
#1049 = ORIENTED_EDGE('',*,*,#969,.F.);
#1050 = ORIENTED_EDGE('',*,*,#1051,.T.);
#1051 = EDGE_CURVE('',#970,#1052,#1054,.T.);
#1052 = VERTEX_POINT('',#1053);
#1053 = CARTESIAN_POINT('',(240.,-6.5,10.));
#1054 = SURFACE_CURVE('',#1055,(#1059,#1066),.PCURVE_S1.);
#1055 = LINE('',#1056,#1057);
#1056 = CARTESIAN_POINT('',(0.,-6.5,10.));
#1057 = VECTOR('',#1058,1.);
#1058 = DIRECTION('',(1.,0.,0.));
#1059 = PCURVE('',#708,#1060);
#1060 = DEFINITIONAL_REPRESENTATION('',(#1061),#1065);
#1061 = LINE('',#1062,#1063);
#1062 = CARTESIAN_POINT('',(-0.,-3.));
#1063 = VECTOR('',#1064,1.);
#1064 = DIRECTION('',(-1.,0.));
#1065 = ( GEOMETRIC_REPRESENTATION_CONTEXT(2) 
PARAMETRIC_REPRESENTATION_CONTEXT() REPRESENTATION_CONTEXT('2D SPACE',''
  ) );
#1066 = PCURVE('',#1009,#1067);
#1067 = DEFINITIONAL_REPRESENTATION('',(#1068),#1072);
#1068 = LINE('',#1069,#1070);
#1069 = CARTESIAN_POINT('',(-6.837200662697E-16,10.));
#1070 = VECTOR('',#1071,1.);
#1071 = DIRECTION('',(-1.,0.));
#1072 = ( GEOMETRIC_REPRESENTATION_CONTEXT(2) 
PARAMETRIC_REPRESENTATION_CONTEXT() REPRESENTATION_CONTEXT('2D SPACE',''
  ) );
#1073 = ORIENTED_EDGE('',*,*,#1074,.F.);
#1074 = EDGE_CURVE('',#693,#1052,#1075,.T.);
#1075 = SURFACE_CURVE('',#1076,(#1080,#1087),.PCURVE_S1.);
#1076 = LINE('',#1077,#1078);
#1077 = CARTESIAN_POINT('',(240.,-9.5,10.));
#1078 = VECTOR('',#1079,1.);
#1079 = DIRECTION('',(-0.,1.,-1.110223024625E-16));
#1080 = PCURVE('',#708,#1081);
#1081 = DEFINITIONAL_REPRESENTATION('',(#1082),#1086);
#1082 = LINE('',#1083,#1084);
#1083 = CARTESIAN_POINT('',(-240.,0.));
#1084 = VECTOR('',#1085,1.);
#1085 = DIRECTION('',(-0.,-1.));
#1086 = ( GEOMETRIC_REPRESENTATION_CONTEXT(2) 
PARAMETRIC_REPRESENTATION_CONTEXT() REPRESENTATION_CONTEXT('2D SPACE',''
  ) );
#1087 = PCURVE('',#741,#1088);
#1088 = DEFINITIONAL_REPRESENTATION('',(#1089),#1093);
#1089 = LINE('',#1090,#1091);
#1090 = CARTESIAN_POINT('',(-0.,0.));
#1091 = VECTOR('',#1092,1.);
#1092 = DIRECTION('',(-0.,-1.));
#1093 = ( GEOMETRIC_REPRESENTATION_CONTEXT(2) 
PARAMETRIC_REPRESENTATION_CONTEXT() REPRESENTATION_CONTEXT('2D SPACE',''
  ) );
#1094 = ADVANCED_FACE('',(#1095),#767,.T.);
#1095 = FACE_BOUND('',#1096,.F.);
#1096 = EDGE_LOOP('',(#1097,#1098,#1121,#1142));
#1097 = ORIENTED_EDGE('',*,*,#753,.F.);
#1098 = ORIENTED_EDGE('',*,*,#1099,.T.);
#1099 = EDGE_CURVE('',#721,#1100,#1102,.T.);
#1100 = VERTEX_POINT('',#1101);
#1101 = CARTESIAN_POINT('',(240.,-6.5,-10.));
#1102 = SURFACE_CURVE('',#1103,(#1107,#1114),.PCURVE_S1.);
#1103 = LINE('',#1104,#1105);
#1104 = CARTESIAN_POINT('',(240.,-9.5,-10.));
#1105 = VECTOR('',#1106,1.);
#1106 = DIRECTION('',(-0.,1.,-1.110223024625E-16));
#1107 = PCURVE('',#767,#1108);
#1108 = DEFINITIONAL_REPRESENTATION('',(#1109),#1113);
#1109 = LINE('',#1110,#1111);
#1110 = CARTESIAN_POINT('',(-0.,0.));
#1111 = VECTOR('',#1112,1.);
#1112 = DIRECTION('',(-0.,-1.));
#1113 = ( GEOMETRIC_REPRESENTATION_CONTEXT(2) 
PARAMETRIC_REPRESENTATION_CONTEXT() REPRESENTATION_CONTEXT('2D SPACE',''
  ) );
#1114 = PCURVE('',#741,#1115);
#1115 = DEFINITIONAL_REPRESENTATION('',(#1116),#1120);
#1116 = LINE('',#1117,#1118);
#1117 = CARTESIAN_POINT('',(-3.14159265359,0.));
#1118 = VECTOR('',#1119,1.);
#1119 = DIRECTION('',(-0.,-1.));
#1120 = ( GEOMETRIC_REPRESENTATION_CONTEXT(2) 
PARAMETRIC_REPRESENTATION_CONTEXT() REPRESENTATION_CONTEXT('2D SPACE',''
  ) );
#1121 = ORIENTED_EDGE('',*,*,#1122,.T.);
#1122 = EDGE_CURVE('',#1100,#993,#1123,.T.);
#1123 = SURFACE_CURVE('',#1124,(#1128,#1135),.PCURVE_S1.);
#1124 = LINE('',#1125,#1126);
#1125 = CARTESIAN_POINT('',(240.,-6.5,-10.));
#1126 = VECTOR('',#1127,1.);
#1127 = DIRECTION('',(-1.,0.,-0.));
#1128 = PCURVE('',#767,#1129);
#1129 = DEFINITIONAL_REPRESENTATION('',(#1130),#1134);
#1130 = LINE('',#1131,#1132);
#1131 = CARTESIAN_POINT('',(-0.,-3.));
#1132 = VECTOR('',#1133,1.);
#1133 = DIRECTION('',(-1.,0.));
#1134 = ( GEOMETRIC_REPRESENTATION_CONTEXT(2) 
PARAMETRIC_REPRESENTATION_CONTEXT() REPRESENTATION_CONTEXT('2D SPACE',''
  ) );
#1135 = PCURVE('',#1009,#1136);
#1136 = DEFINITIONAL_REPRESENTATION('',(#1137),#1141);
#1137 = LINE('',#1138,#1139);
#1138 = CARTESIAN_POINT('',(-240.,-10.));
#1139 = VECTOR('',#1140,1.);
#1140 = DIRECTION('',(1.,-0.));
#1141 = ( GEOMETRIC_REPRESENTATION_CONTEXT(2) 
PARAMETRIC_REPRESENTATION_CONTEXT() REPRESENTATION_CONTEXT('2D SPACE',''
  ) );
#1142 = ORIENTED_EDGE('',*,*,#1025,.T.);
#1143 = ADVANCED_FACE('',(#1144),#741,.T.);
#1144 = FACE_BOUND('',#1145,.F.);
#1145 = EDGE_LOOP('',(#1146,#1147,#1169,#1170));
#1146 = ORIENTED_EDGE('',*,*,#1074,.T.);
#1147 = ORIENTED_EDGE('',*,*,#1148,.T.);
#1148 = EDGE_CURVE('',#1052,#1100,#1149,.T.);
#1149 = SURFACE_CURVE('',#1150,(#1155,#1162),.PCURVE_S1.);
#1150 = CIRCLE('',#1151,10.);
#1151 = AXIS2_PLACEMENT_3D('',#1152,#1153,#1154);
#1152 = CARTESIAN_POINT('',(240.,-6.5,-1.221245327088E-15));
#1153 = DIRECTION('',(0.,1.,-1.110223024625E-16));
#1154 = DIRECTION('',(0.,1.110223024625E-16,1.));
#1155 = PCURVE('',#741,#1156);
#1156 = DEFINITIONAL_REPRESENTATION('',(#1157),#1161);
#1157 = LINE('',#1158,#1159);
#1158 = CARTESIAN_POINT('',(-0.,-3.));
#1159 = VECTOR('',#1160,1.);
#1160 = DIRECTION('',(-1.,0.));
#1161 = ( GEOMETRIC_REPRESENTATION_CONTEXT(2) 
PARAMETRIC_REPRESENTATION_CONTEXT() REPRESENTATION_CONTEXT('2D SPACE',''
  ) );
#1162 = PCURVE('',#1009,#1163);
#1163 = DEFINITIONAL_REPRESENTATION('',(#1164),#1168);
#1164 = CIRCLE('',#1165,10.);
#1165 = AXIS2_PLACEMENT_2D('',#1166,#1167);
#1166 = CARTESIAN_POINT('',(-240.,-8.541330775543E-16));
#1167 = DIRECTION('',(-0.,1.));
#1168 = ( GEOMETRIC_REPRESENTATION_CONTEXT(2) 
PARAMETRIC_REPRESENTATION_CONTEXT() REPRESENTATION_CONTEXT('2D SPACE',''
  ) );
#1169 = ORIENTED_EDGE('',*,*,#1099,.F.);
#1170 = ORIENTED_EDGE('',*,*,#720,.F.);
#1171 = ADVANCED_FACE('',(#1172),#798,.F.);
#1172 = FACE_BOUND('',#1173,.T.);
#1173 = EDGE_LOOP('',(#1174,#1202,#1223,#1224));
#1174 = ORIENTED_EDGE('',*,*,#1175,.F.);
#1175 = EDGE_CURVE('',#1176,#1176,#1178,.T.);
#1176 = VERTEX_POINT('',#1177);
#1177 = CARTESIAN_POINT('',(2.5,-6.5,-8.));
#1178 = SURFACE_CURVE('',#1179,(#1184,#1191),.PCURVE_S1.);
#1179 = CIRCLE('',#1180,1.5);
#1180 = AXIS2_PLACEMENT_3D('',#1181,#1182,#1183);
#1181 = CARTESIAN_POINT('',(1.,-6.5,-8.));
#1182 = DIRECTION('',(0.,-1.,1.110223024625E-16));
#1183 = DIRECTION('',(1.,0.,0.));
#1184 = PCURVE('',#798,#1185);
#1185 = DEFINITIONAL_REPRESENTATION('',(#1186),#1190);
#1186 = LINE('',#1187,#1188);
#1187 = CARTESIAN_POINT('',(-0.,4.));
#1188 = VECTOR('',#1189,1.);
#1189 = DIRECTION('',(-1.,0.));
#1190 = ( GEOMETRIC_REPRESENTATION_CONTEXT(2) 
PARAMETRIC_REPRESENTATION_CONTEXT() REPRESENTATION_CONTEXT('2D SPACE',''
  ) );
#1191 = PCURVE('',#1009,#1192);
#1192 = DEFINITIONAL_REPRESENTATION('',(#1193),#1201);
#1193 = ( BOUNDED_CURVE() B_SPLINE_CURVE(2,(#1194,#1195,#1196,#1197,
#1198,#1199,#1200),.UNSPECIFIED.,.T.,.F.) B_SPLINE_CURVE_WITH_KNOTS((1,2
    ,2,2,2,1),(-2.094395102393,0.,2.094395102393,4.188790204786,
6.28318530718,8.377580409573),.UNSPECIFIED.) CURVE() 
GEOMETRIC_REPRESENTATION_ITEM() RATIONAL_B_SPLINE_CURVE((1.,0.5,1.,0.5,
1.,0.5,1.)) REPRESENTATION_ITEM('') );
#1194 = CARTESIAN_POINT('',(-2.5,-8.));
#1195 = CARTESIAN_POINT('',(-2.5,-5.401923788647));
#1196 = CARTESIAN_POINT('',(-0.25,-6.700961894323));
#1197 = CARTESIAN_POINT('',(2.,-8.));
#1198 = CARTESIAN_POINT('',(-0.25,-9.299038105677));
#1199 = CARTESIAN_POINT('',(-2.5,-10.59807621135));
#1200 = CARTESIAN_POINT('',(-2.5,-8.));
#1201 = ( GEOMETRIC_REPRESENTATION_CONTEXT(2) 
PARAMETRIC_REPRESENTATION_CONTEXT() REPRESENTATION_CONTEXT('2D SPACE',''
  ) );
#1202 = ORIENTED_EDGE('',*,*,#1203,.F.);
#1203 = EDGE_CURVE('',#782,#1176,#1204,.T.);
#1204 = SEAM_CURVE('',#1205,(#1209,#1216),.PCURVE_S1.);
#1205 = LINE('',#1206,#1207);
#1206 = CARTESIAN_POINT('',(2.5,-10.5,-8.));
#1207 = VECTOR('',#1208,1.);
#1208 = DIRECTION('',(-0.,1.,-1.110223024625E-16));
#1209 = PCURVE('',#798,#1210);
#1210 = DEFINITIONAL_REPRESENTATION('',(#1211),#1215);
#1211 = LINE('',#1212,#1213);
#1212 = CARTESIAN_POINT('',(-6.28318530718,-0.));
#1213 = VECTOR('',#1214,1.);
#1214 = DIRECTION('',(-0.,1.));
#1215 = ( GEOMETRIC_REPRESENTATION_CONTEXT(2) 
PARAMETRIC_REPRESENTATION_CONTEXT() REPRESENTATION_CONTEXT('2D SPACE',''
  ) );
#1216 = PCURVE('',#798,#1217);
#1217 = DEFINITIONAL_REPRESENTATION('',(#1218),#1222);
#1218 = LINE('',#1219,#1220);
#1219 = CARTESIAN_POINT('',(-0.,-0.));
#1220 = VECTOR('',#1221,1.);
#1221 = DIRECTION('',(-0.,1.));
#1222 = ( GEOMETRIC_REPRESENTATION_CONTEXT(2) 
PARAMETRIC_REPRESENTATION_CONTEXT() REPRESENTATION_CONTEXT('2D SPACE',''
  ) );
#1223 = ORIENTED_EDGE('',*,*,#781,.T.);
#1224 = ORIENTED_EDGE('',*,*,#1203,.T.);
#1225 = ADVANCED_FACE('',(#1226),#829,.F.);
#1226 = FACE_BOUND('',#1227,.T.);
#1227 = EDGE_LOOP('',(#1228,#1256,#1277,#1278));
#1228 = ORIENTED_EDGE('',*,*,#1229,.F.);
#1229 = EDGE_CURVE('',#1230,#1230,#1232,.T.);
#1230 = VERTEX_POINT('',#1231);
#1231 = CARTESIAN_POINT('',(244.05,-6.5,-1.325030814697E-15));
#1232 = SURFACE_CURVE('',#1233,(#1238,#1245),.PCURVE_S1.);
#1233 = CIRCLE('',#1234,4.05);
#1234 = AXIS2_PLACEMENT_3D('',#1235,#1236,#1237);
#1235 = CARTESIAN_POINT('',(240.,-6.5,-3.330669073875E-16));
#1236 = DIRECTION('',(0.,-1.,1.110223024625E-16));
#1237 = DIRECTION('',(1.,0.,0.));
#1238 = PCURVE('',#829,#1239);
#1239 = DEFINITIONAL_REPRESENTATION('',(#1240),#1244);
#1240 = LINE('',#1241,#1242);
#1241 = CARTESIAN_POINT('',(-0.,4.));
#1242 = VECTOR('',#1243,1.);
#1243 = DIRECTION('',(-1.,0.));
#1244 = ( GEOMETRIC_REPRESENTATION_CONTEXT(2) 
PARAMETRIC_REPRESENTATION_CONTEXT() REPRESENTATION_CONTEXT('2D SPACE',''
  ) );
#1245 = PCURVE('',#1009,#1246);
#1246 = DEFINITIONAL_REPRESENTATION('',(#1247),#1255);
#1247 = ( BOUNDED_CURVE() B_SPLINE_CURVE(2,(#1248,#1249,#1250,#1251,
#1252,#1253,#1254),.UNSPECIFIED.,.T.,.F.) B_SPLINE_CURVE_WITH_KNOTS((1,2
    ,2,2,2,1),(-2.094395102393,0.,2.094395102393,4.188790204786,
6.28318530718,8.377580409573),.UNSPECIFIED.) CURVE() 
GEOMETRIC_REPRESENTATION_ITEM() RATIONAL_B_SPLINE_CURVE((1.,0.5,1.,0.5,
1.,0.5,1.)) REPRESENTATION_ITEM('') );
#1248 = CARTESIAN_POINT('',(-244.05,3.40453421458E-17));
#1249 = CARTESIAN_POINT('',(-244.05,7.014805770654));
#1250 = CARTESIAN_POINT('',(-237.975,3.507402885327));
#1251 = CARTESIAN_POINT('',(-231.9,1.026009249455E-15));
#1252 = CARTESIAN_POINT('',(-237.975,-3.507402885327));
#1253 = CARTESIAN_POINT('',(-244.05,-7.014805770654));
#1254 = CARTESIAN_POINT('',(-244.05,3.40453421458E-17));
#1255 = ( GEOMETRIC_REPRESENTATION_CONTEXT(2) 
PARAMETRIC_REPRESENTATION_CONTEXT() REPRESENTATION_CONTEXT('2D SPACE',''
  ) );
#1256 = ORIENTED_EDGE('',*,*,#1257,.F.);
#1257 = EDGE_CURVE('',#813,#1230,#1258,.T.);
#1258 = SEAM_CURVE('',#1259,(#1263,#1270),.PCURVE_S1.);
#1259 = LINE('',#1260,#1261);
#1260 = CARTESIAN_POINT('',(244.05,-10.5,-8.809416048468E-16));
#1261 = VECTOR('',#1262,1.);
#1262 = DIRECTION('',(-0.,1.,-1.110223024625E-16));
#1263 = PCURVE('',#829,#1264);
#1264 = DEFINITIONAL_REPRESENTATION('',(#1265),#1269);
#1265 = LINE('',#1266,#1267);
#1266 = CARTESIAN_POINT('',(-6.28318530718,-0.));
#1267 = VECTOR('',#1268,1.);
#1268 = DIRECTION('',(-0.,1.));
#1269 = ( GEOMETRIC_REPRESENTATION_CONTEXT(2) 
PARAMETRIC_REPRESENTATION_CONTEXT() REPRESENTATION_CONTEXT('2D SPACE',''
  ) );
#1270 = PCURVE('',#829,#1271);
#1271 = DEFINITIONAL_REPRESENTATION('',(#1272),#1276);
#1272 = LINE('',#1273,#1274);
#1273 = CARTESIAN_POINT('',(-0.,-0.));
#1274 = VECTOR('',#1275,1.);
#1275 = DIRECTION('',(-0.,1.));
#1276 = ( GEOMETRIC_REPRESENTATION_CONTEXT(2) 
PARAMETRIC_REPRESENTATION_CONTEXT() REPRESENTATION_CONTEXT('2D SPACE',''
  ) );
#1277 = ORIENTED_EDGE('',*,*,#812,.T.);
#1278 = ORIENTED_EDGE('',*,*,#1257,.T.);
#1279 = ADVANCED_FACE('',(#1280),#860,.F.);
#1280 = FACE_BOUND('',#1281,.T.);
#1281 = EDGE_LOOP('',(#1282,#1311,#1332,#1333));
#1282 = ORIENTED_EDGE('',*,*,#1283,.F.);
#1283 = EDGE_CURVE('',#1284,#1284,#1286,.T.);
#1284 = VERTEX_POINT('',#1285);
#1285 = CARTESIAN_POINT('',(9.7,-7.9,-5.940155956501E-16));
#1286 = SURFACE_CURVE('',#1287,(#1292,#1299),.PCURVE_S1.);
#1287 = CIRCLE('',#1288,1.7);
#1288 = AXIS2_PLACEMENT_3D('',#1289,#1290,#1291);
#1289 = CARTESIAN_POINT('',(8.,-7.9,-1.7763568394E-16));
#1290 = DIRECTION('',(0.,-1.,1.110223024625E-16));
#1291 = DIRECTION('',(1.,0.,0.));
#1292 = PCURVE('',#860,#1293);
#1293 = DEFINITIONAL_REPRESENTATION('',(#1294),#1298);
#1294 = LINE('',#1295,#1296);
#1295 = CARTESIAN_POINT('',(-0.,2.6));
#1296 = VECTOR('',#1297,1.);
#1297 = DIRECTION('',(-1.,0.));
#1298 = ( GEOMETRIC_REPRESENTATION_CONTEXT(2) 
PARAMETRIC_REPRESENTATION_CONTEXT() REPRESENTATION_CONTEXT('2D SPACE',''
  ) );
#1299 = PCURVE('',#1300,#1305);
#1300 = CONICAL_SURFACE('',#1301,1.7,0.785398163397);
#1301 = AXIS2_PLACEMENT_3D('',#1302,#1303,#1304);
#1302 = CARTESIAN_POINT('',(8.,-7.9,-1.7763568394E-16));
#1303 = DIRECTION('',(-0.,1.,-1.110223024625E-16));
#1304 = DIRECTION('',(1.,0.,0.));
#1305 = DEFINITIONAL_REPRESENTATION('',(#1306),#1310);
#1306 = LINE('',#1307,#1308);
#1307 = CARTESIAN_POINT('',(-0.,0.));
#1308 = VECTOR('',#1309,1.);
#1309 = DIRECTION('',(-1.,0.));
#1310 = ( GEOMETRIC_REPRESENTATION_CONTEXT(2) 
PARAMETRIC_REPRESENTATION_CONTEXT() REPRESENTATION_CONTEXT('2D SPACE',''
  ) );
#1311 = ORIENTED_EDGE('',*,*,#1312,.F.);
#1312 = EDGE_CURVE('',#844,#1284,#1313,.T.);
#1313 = SEAM_CURVE('',#1314,(#1318,#1325),.PCURVE_S1.);
#1314 = LINE('',#1315,#1316);
#1315 = CARTESIAN_POINT('',(9.7,-10.5,-3.053576092476E-16));
#1316 = VECTOR('',#1317,1.);
#1317 = DIRECTION('',(-0.,1.,-1.110223024625E-16));
#1318 = PCURVE('',#860,#1319);
#1319 = DEFINITIONAL_REPRESENTATION('',(#1320),#1324);
#1320 = LINE('',#1321,#1322);
#1321 = CARTESIAN_POINT('',(-6.28318530718,-0.));
#1322 = VECTOR('',#1323,1.);
#1323 = DIRECTION('',(-0.,1.));
#1324 = ( GEOMETRIC_REPRESENTATION_CONTEXT(2) 
PARAMETRIC_REPRESENTATION_CONTEXT() REPRESENTATION_CONTEXT('2D SPACE',''
  ) );
#1325 = PCURVE('',#860,#1326);
#1326 = DEFINITIONAL_REPRESENTATION('',(#1327),#1331);
#1327 = LINE('',#1328,#1329);
#1328 = CARTESIAN_POINT('',(-0.,-0.));
#1329 = VECTOR('',#1330,1.);
#1330 = DIRECTION('',(-0.,1.));
#1331 = ( GEOMETRIC_REPRESENTATION_CONTEXT(2) 
PARAMETRIC_REPRESENTATION_CONTEXT() REPRESENTATION_CONTEXT('2D SPACE',''
  ) );
#1332 = ORIENTED_EDGE('',*,*,#843,.T.);
#1333 = ORIENTED_EDGE('',*,*,#1312,.T.);
#1334 = ADVANCED_FACE('',(#1335),#891,.F.);
#1335 = FACE_BOUND('',#1336,.T.);
#1336 = EDGE_LOOP('',(#1337,#1366,#1387,#1388));
#1337 = ORIENTED_EDGE('',*,*,#1338,.F.);
#1338 = EDGE_CURVE('',#1339,#1339,#1341,.T.);
#1339 = VERTEX_POINT('',#1340);
#1340 = CARTESIAN_POINT('',(4.025,-9.1,-1.030249594299E-15));
#1341 = SURFACE_CURVE('',#1342,(#1347,#1354),.PCURVE_S1.);
#1342 = CIRCLE('',#1343,4.025);
#1343 = AXIS2_PLACEMENT_3D('',#1344,#1345,#1346);
#1344 = CARTESIAN_POINT('',(0.,-9.1,-4.440892098501E-17));
#1345 = DIRECTION('',(0.,-1.,1.110223024625E-16));
#1346 = DIRECTION('',(1.,0.,0.));
#1347 = PCURVE('',#891,#1348);
#1348 = DEFINITIONAL_REPRESENTATION('',(#1349),#1353);
#1349 = LINE('',#1350,#1351);
#1350 = CARTESIAN_POINT('',(0.,-0.4));
#1351 = VECTOR('',#1352,1.);
#1352 = DIRECTION('',(1.,-0.));
#1353 = ( GEOMETRIC_REPRESENTATION_CONTEXT(2) 
PARAMETRIC_REPRESENTATION_CONTEXT() REPRESENTATION_CONTEXT('2D SPACE',''
  ) );
#1354 = PCURVE('',#1355,#1360);
#1355 = CYLINDRICAL_SURFACE('',#1356,4.025);
#1356 = AXIS2_PLACEMENT_3D('',#1357,#1358,#1359);
#1357 = CARTESIAN_POINT('',(0.,-10.5,1.110223024625E-16));
#1358 = DIRECTION('',(-0.,1.,-1.110223024625E-16));
#1359 = DIRECTION('',(1.,0.,0.));
#1360 = DEFINITIONAL_REPRESENTATION('',(#1361),#1365);
#1361 = LINE('',#1362,#1363);
#1362 = CARTESIAN_POINT('',(-0.,1.4));
#1363 = VECTOR('',#1364,1.);
#1364 = DIRECTION('',(-1.,0.));
#1365 = ( GEOMETRIC_REPRESENTATION_CONTEXT(2) 
PARAMETRIC_REPRESENTATION_CONTEXT() REPRESENTATION_CONTEXT('2D SPACE',''
  ) );
#1366 = ORIENTED_EDGE('',*,*,#1367,.F.);
#1367 = EDGE_CURVE('',#875,#1339,#1368,.T.);
#1368 = SEAM_CURVE('',#1369,(#1373,#1380),.PCURVE_S1.);
#1369 = LINE('',#1370,#1371);
#1370 = CARTESIAN_POINT('',(4.425,-9.5,-1.083812417245E-15));
#1371 = VECTOR('',#1372,1.);
#1372 = DIRECTION('',(-0.707106781187,0.707106781187,9.468658831291E-17)
  );
#1373 = PCURVE('',#891,#1374);
#1374 = DEFINITIONAL_REPRESENTATION('',(#1375),#1379);
#1375 = LINE('',#1376,#1377);
#1376 = CARTESIAN_POINT('',(6.28318530718,0.));
#1377 = VECTOR('',#1378,1.);
#1378 = DIRECTION('',(0.,-1.));
#1379 = ( GEOMETRIC_REPRESENTATION_CONTEXT(2) 
PARAMETRIC_REPRESENTATION_CONTEXT() REPRESENTATION_CONTEXT('2D SPACE',''
  ) );
#1380 = PCURVE('',#891,#1381);
#1381 = DEFINITIONAL_REPRESENTATION('',(#1382),#1386);
#1382 = LINE('',#1383,#1384);
#1383 = CARTESIAN_POINT('',(-0.,0.));
#1384 = VECTOR('',#1385,1.);
#1385 = DIRECTION('',(0.,-1.));
#1386 = ( GEOMETRIC_REPRESENTATION_CONTEXT(2) 
PARAMETRIC_REPRESENTATION_CONTEXT() REPRESENTATION_CONTEXT('2D SPACE',''
  ) );
#1387 = ORIENTED_EDGE('',*,*,#874,.T.);
#1388 = ORIENTED_EDGE('',*,*,#1367,.T.);
#1389 = ADVANCED_FACE('',(#1390),#922,.F.);
#1390 = FACE_BOUND('',#1391,.T.);
#1391 = EDGE_LOOP('',(#1392,#1421,#1442,#1443));
#1392 = ORIENTED_EDGE('',*,*,#1393,.F.);
#1393 = EDGE_CURVE('',#1394,#1394,#1396,.T.);
#1394 = VERTEX_POINT('',#1395);
#1395 = CARTESIAN_POINT('',(-6.3,-7.9,-5.940155956501E-16));
#1396 = SURFACE_CURVE('',#1397,(#1402,#1409),.PCURVE_S1.);
#1397 = CIRCLE('',#1398,1.7);
#1398 = AXIS2_PLACEMENT_3D('',#1399,#1400,#1401);
#1399 = CARTESIAN_POINT('',(-8.,-7.9,-1.7763568394E-16));
#1400 = DIRECTION('',(0.,-1.,1.110223024625E-16));
#1401 = DIRECTION('',(1.,0.,0.));
#1402 = PCURVE('',#922,#1403);
#1403 = DEFINITIONAL_REPRESENTATION('',(#1404),#1408);
#1404 = LINE('',#1405,#1406);
#1405 = CARTESIAN_POINT('',(-0.,2.6));
#1406 = VECTOR('',#1407,1.);
#1407 = DIRECTION('',(-1.,0.));
#1408 = ( GEOMETRIC_REPRESENTATION_CONTEXT(2) 
PARAMETRIC_REPRESENTATION_CONTEXT() REPRESENTATION_CONTEXT('2D SPACE',''
  ) );
#1409 = PCURVE('',#1410,#1415);
#1410 = CONICAL_SURFACE('',#1411,1.7,0.785398163397);
#1411 = AXIS2_PLACEMENT_3D('',#1412,#1413,#1414);
#1412 = CARTESIAN_POINT('',(-8.,-7.9,-1.7763568394E-16));
#1413 = DIRECTION('',(-0.,1.,-1.110223024625E-16));
#1414 = DIRECTION('',(1.,0.,0.));
#1415 = DEFINITIONAL_REPRESENTATION('',(#1416),#1420);
#1416 = LINE('',#1417,#1418);
#1417 = CARTESIAN_POINT('',(-0.,0.));
#1418 = VECTOR('',#1419,1.);
#1419 = DIRECTION('',(-1.,0.));
#1420 = ( GEOMETRIC_REPRESENTATION_CONTEXT(2) 
PARAMETRIC_REPRESENTATION_CONTEXT() REPRESENTATION_CONTEXT('2D SPACE',''
  ) );
#1421 = ORIENTED_EDGE('',*,*,#1422,.F.);
#1422 = EDGE_CURVE('',#906,#1394,#1423,.T.);
#1423 = SEAM_CURVE('',#1424,(#1428,#1435),.PCURVE_S1.);
#1424 = LINE('',#1425,#1426);
#1425 = CARTESIAN_POINT('',(-6.3,-10.5,-3.053576092476E-16));
#1426 = VECTOR('',#1427,1.);
#1427 = DIRECTION('',(-0.,1.,-1.110223024625E-16));
#1428 = PCURVE('',#922,#1429);
#1429 = DEFINITIONAL_REPRESENTATION('',(#1430),#1434);
#1430 = LINE('',#1431,#1432);
#1431 = CARTESIAN_POINT('',(-6.28318530718,-0.));
#1432 = VECTOR('',#1433,1.);
#1433 = DIRECTION('',(-0.,1.));
#1434 = ( GEOMETRIC_REPRESENTATION_CONTEXT(2) 
PARAMETRIC_REPRESENTATION_CONTEXT() REPRESENTATION_CONTEXT('2D SPACE',''
  ) );
#1435 = PCURVE('',#922,#1436);
#1436 = DEFINITIONAL_REPRESENTATION('',(#1437),#1441);
#1437 = LINE('',#1438,#1439);
#1438 = CARTESIAN_POINT('',(-0.,-0.));
#1439 = VECTOR('',#1440,1.);
#1440 = DIRECTION('',(-0.,1.));
#1441 = ( GEOMETRIC_REPRESENTATION_CONTEXT(2) 
PARAMETRIC_REPRESENTATION_CONTEXT() REPRESENTATION_CONTEXT('2D SPACE',''
  ) );
#1442 = ORIENTED_EDGE('',*,*,#905,.T.);
#1443 = ORIENTED_EDGE('',*,*,#1422,.T.);
#1444 = ADVANCED_FACE('',(#1445),#953,.F.);
#1445 = FACE_BOUND('',#1446,.T.);
#1446 = EDGE_LOOP('',(#1447,#1475,#1496,#1497));
#1447 = ORIENTED_EDGE('',*,*,#1448,.F.);
#1448 = EDGE_CURVE('',#1449,#1449,#1451,.T.);
#1449 = VERTEX_POINT('',#1450);
#1450 = CARTESIAN_POINT('',(1.5,-6.5,8.));
#1451 = SURFACE_CURVE('',#1452,(#1457,#1464),.PCURVE_S1.);
#1452 = CIRCLE('',#1453,1.5);
#1453 = AXIS2_PLACEMENT_3D('',#1454,#1455,#1456);
#1454 = CARTESIAN_POINT('',(0.,-6.5,8.));
#1455 = DIRECTION('',(0.,-1.,1.110223024625E-16));
#1456 = DIRECTION('',(1.,0.,0.));
#1457 = PCURVE('',#953,#1458);
#1458 = DEFINITIONAL_REPRESENTATION('',(#1459),#1463);
#1459 = LINE('',#1460,#1461);
#1460 = CARTESIAN_POINT('',(-0.,4.));
#1461 = VECTOR('',#1462,1.);
#1462 = DIRECTION('',(-1.,0.));
#1463 = ( GEOMETRIC_REPRESENTATION_CONTEXT(2) 
PARAMETRIC_REPRESENTATION_CONTEXT() REPRESENTATION_CONTEXT('2D SPACE',''
  ) );
#1464 = PCURVE('',#1009,#1465);
#1465 = DEFINITIONAL_REPRESENTATION('',(#1466),#1474);
#1466 = ( BOUNDED_CURVE() B_SPLINE_CURVE(2,(#1467,#1468,#1469,#1470,
#1471,#1472,#1473),.UNSPECIFIED.,.T.,.F.) B_SPLINE_CURVE_WITH_KNOTS((1,2
    ,2,2,2,1),(-2.094395102393,0.,2.094395102393,4.188790204786,
6.28318530718,8.377580409573),.UNSPECIFIED.) CURVE() 
GEOMETRIC_REPRESENTATION_ITEM() RATIONAL_B_SPLINE_CURVE((1.,0.5,1.,0.5,
1.,0.5,1.)) REPRESENTATION_ITEM('') );
#1467 = CARTESIAN_POINT('',(-1.5,8.));
#1468 = CARTESIAN_POINT('',(-1.5,10.598076211353));
#1469 = CARTESIAN_POINT('',(0.75,9.299038105677));
#1470 = CARTESIAN_POINT('',(3.,8.));
#1471 = CARTESIAN_POINT('',(0.75,6.700961894323));
#1472 = CARTESIAN_POINT('',(-1.5,5.401923788647));
#1473 = CARTESIAN_POINT('',(-1.5,8.));
#1474 = ( GEOMETRIC_REPRESENTATION_CONTEXT(2) 
PARAMETRIC_REPRESENTATION_CONTEXT() REPRESENTATION_CONTEXT('2D SPACE',''
  ) );
#1475 = ORIENTED_EDGE('',*,*,#1476,.F.);
#1476 = EDGE_CURVE('',#937,#1449,#1477,.T.);
#1477 = SEAM_CURVE('',#1478,(#1482,#1489),.PCURVE_S1.);
#1478 = LINE('',#1479,#1480);
#1479 = CARTESIAN_POINT('',(1.5,-10.5,8.));
#1480 = VECTOR('',#1481,1.);
#1481 = DIRECTION('',(-0.,1.,-1.110223024625E-16));
#1482 = PCURVE('',#953,#1483);
#1483 = DEFINITIONAL_REPRESENTATION('',(#1484),#1488);
#1484 = LINE('',#1485,#1486);
#1485 = CARTESIAN_POINT('',(-6.28318530718,-0.));
#1486 = VECTOR('',#1487,1.);
#1487 = DIRECTION('',(-0.,1.));
#1488 = ( GEOMETRIC_REPRESENTATION_CONTEXT(2) 
PARAMETRIC_REPRESENTATION_CONTEXT() REPRESENTATION_CONTEXT('2D SPACE',''
  ) );
#1489 = PCURVE('',#953,#1490);
#1490 = DEFINITIONAL_REPRESENTATION('',(#1491),#1495);
#1491 = LINE('',#1492,#1493);
#1492 = CARTESIAN_POINT('',(-0.,-0.));
#1493 = VECTOR('',#1494,1.);
#1494 = DIRECTION('',(-0.,1.));
#1495 = ( GEOMETRIC_REPRESENTATION_CONTEXT(2) 
PARAMETRIC_REPRESENTATION_CONTEXT() REPRESENTATION_CONTEXT('2D SPACE',''
  ) );
#1496 = ORIENTED_EDGE('',*,*,#936,.T.);
#1497 = ORIENTED_EDGE('',*,*,#1476,.T.);
#1498 = ADVANCED_FACE('',(#1499,#1505,#1508,#1538,#1568,#1598,#1601),
  #1009,.T.);
#1499 = FACE_BOUND('',#1500,.F.);
#1500 = EDGE_LOOP('',(#1501,#1502,#1503,#1504));
#1501 = ORIENTED_EDGE('',*,*,#992,.T.);
#1502 = ORIENTED_EDGE('',*,*,#1122,.F.);
#1503 = ORIENTED_EDGE('',*,*,#1148,.F.);
#1504 = ORIENTED_EDGE('',*,*,#1051,.F.);
#1505 = FACE_BOUND('',#1506,.F.);
#1506 = EDGE_LOOP('',(#1507));
#1507 = ORIENTED_EDGE('',*,*,#1175,.F.);
#1508 = FACE_BOUND('',#1509,.F.);
#1509 = EDGE_LOOP('',(#1510));
#1510 = ORIENTED_EDGE('',*,*,#1511,.F.);
#1511 = EDGE_CURVE('',#1512,#1512,#1514,.T.);
#1512 = VERTEX_POINT('',#1513);
#1513 = CARTESIAN_POINT('',(-4.9,-6.5,-1.092347922859E-15));
#1514 = SURFACE_CURVE('',#1515,(#1520,#1531),.PCURVE_S1.);
#1515 = CIRCLE('',#1516,3.1);
#1516 = AXIS2_PLACEMENT_3D('',#1517,#1518,#1519);
#1517 = CARTESIAN_POINT('',(-8.,-6.5,-3.330669073875E-16));
#1518 = DIRECTION('',(0.,-1.,1.110223024625E-16));
#1519 = DIRECTION('',(1.,0.,0.));
#1520 = PCURVE('',#1009,#1521);
#1521 = DEFINITIONAL_REPRESENTATION('',(#1522),#1530);
#1522 = ( BOUNDED_CURVE() B_SPLINE_CURVE(2,(#1523,#1524,#1525,#1526,
#1527,#1528,#1529),.UNSPECIFIED.,.T.,.F.) B_SPLINE_CURVE_WITH_KNOTS((1,2
    ,2,2,2,1),(-2.094395102393,0.,2.094395102393,4.188790204786,
6.28318530718,8.377580409573),.UNSPECIFIED.) CURVE() 
GEOMETRIC_REPRESENTATION_ITEM() RATIONAL_B_SPLINE_CURVE((1.,0.5,1.,0.5,
1.,0.5,1.)) REPRESENTATION_ITEM('') );
#1523 = CARTESIAN_POINT('',(4.9,3.40453421458E-17));
#1524 = CARTESIAN_POINT('',(4.9,5.369357503464));
#1525 = CARTESIAN_POINT('',(9.55,2.684678751732));
#1526 = CARTESIAN_POINT('',(14.2,7.933263576172E-16));
#1527 = CARTESIAN_POINT('',(9.55,-2.684678751732));
#1528 = CARTESIAN_POINT('',(4.9,-5.369357503464));
#1529 = CARTESIAN_POINT('',(4.9,3.40453421458E-17));
#1530 = ( GEOMETRIC_REPRESENTATION_CONTEXT(2) 
PARAMETRIC_REPRESENTATION_CONTEXT() REPRESENTATION_CONTEXT('2D SPACE',''
  ) );
#1531 = PCURVE('',#1410,#1532);
#1532 = DEFINITIONAL_REPRESENTATION('',(#1533),#1537);
#1533 = LINE('',#1534,#1535);
#1534 = CARTESIAN_POINT('',(-0.,1.4));
#1535 = VECTOR('',#1536,1.);
#1536 = DIRECTION('',(-1.,0.));
#1537 = ( GEOMETRIC_REPRESENTATION_CONTEXT(2) 
PARAMETRIC_REPRESENTATION_CONTEXT() REPRESENTATION_CONTEXT('2D SPACE',''
  ) );
#1538 = FACE_BOUND('',#1539,.F.);
#1539 = EDGE_LOOP('',(#1540));
#1540 = ORIENTED_EDGE('',*,*,#1541,.F.);
#1541 = EDGE_CURVE('',#1542,#1542,#1544,.T.);
#1542 = VERTEX_POINT('',#1543);
#1543 = CARTESIAN_POINT('',(4.025,-6.5,-1.318907580701E-15));
#1544 = SURFACE_CURVE('',#1545,(#1550,#1561),.PCURVE_S1.);
#1545 = CIRCLE('',#1546,4.025);
#1546 = AXIS2_PLACEMENT_3D('',#1547,#1548,#1549);
#1547 = CARTESIAN_POINT('',(0.,-6.5,-3.330669073875E-16));
#1548 = DIRECTION('',(0.,-1.,1.110223024625E-16));
#1549 = DIRECTION('',(1.,0.,0.));
#1550 = PCURVE('',#1009,#1551);
#1551 = DEFINITIONAL_REPRESENTATION('',(#1552),#1560);
#1552 = ( BOUNDED_CURVE() B_SPLINE_CURVE(2,(#1553,#1554,#1555,#1556,
#1557,#1558,#1559),.UNSPECIFIED.,.T.,.F.) B_SPLINE_CURVE_WITH_KNOTS((1,2
    ,2,2,2,1),(-2.094395102393,0.,2.094395102393,4.188790204786,
6.28318530718,8.377580409573),.UNSPECIFIED.) CURVE() 
GEOMETRIC_REPRESENTATION_ITEM() RATIONAL_B_SPLINE_CURVE((1.,0.5,1.,0.5,
1.,0.5,1.)) REPRESENTATION_ITEM('') );
#1553 = CARTESIAN_POINT('',(-4.025,3.40453421458E-17));
#1554 = CARTESIAN_POINT('',(-4.025,6.971504500465));
#1555 = CARTESIAN_POINT('',(2.0125,3.485752250232));
#1556 = CARTESIAN_POINT('',(8.05,1.019886015459E-15));
#1557 = CARTESIAN_POINT('',(2.0125,-3.485752250232));
#1558 = CARTESIAN_POINT('',(-4.025,-6.971504500465));
#1559 = CARTESIAN_POINT('',(-4.025,3.40453421458E-17));
#1560 = ( GEOMETRIC_REPRESENTATION_CONTEXT(2) 
PARAMETRIC_REPRESENTATION_CONTEXT() REPRESENTATION_CONTEXT('2D SPACE',''
  ) );
#1561 = PCURVE('',#1355,#1562);
#1562 = DEFINITIONAL_REPRESENTATION('',(#1563),#1567);
#1563 = LINE('',#1564,#1565);
#1564 = CARTESIAN_POINT('',(-0.,4.));
#1565 = VECTOR('',#1566,1.);
#1566 = DIRECTION('',(-1.,0.));
#1567 = ( GEOMETRIC_REPRESENTATION_CONTEXT(2) 
PARAMETRIC_REPRESENTATION_CONTEXT() REPRESENTATION_CONTEXT('2D SPACE',''
  ) );
#1568 = FACE_BOUND('',#1569,.F.);
#1569 = EDGE_LOOP('',(#1570));
#1570 = ORIENTED_EDGE('',*,*,#1571,.F.);
#1571 = EDGE_CURVE('',#1572,#1572,#1574,.T.);
#1572 = VERTEX_POINT('',#1573);
#1573 = CARTESIAN_POINT('',(11.1,-6.5,-1.092347922859E-15));
#1574 = SURFACE_CURVE('',#1575,(#1580,#1591),.PCURVE_S1.);
#1575 = CIRCLE('',#1576,3.1);
#1576 = AXIS2_PLACEMENT_3D('',#1577,#1578,#1579);
#1577 = CARTESIAN_POINT('',(8.,-6.5,-3.330669073875E-16));
#1578 = DIRECTION('',(0.,-1.,1.110223024625E-16));
#1579 = DIRECTION('',(1.,0.,0.));
#1580 = PCURVE('',#1009,#1581);
#1581 = DEFINITIONAL_REPRESENTATION('',(#1582),#1590);
#1582 = ( BOUNDED_CURVE() B_SPLINE_CURVE(2,(#1583,#1584,#1585,#1586,
#1587,#1588,#1589),.UNSPECIFIED.,.T.,.F.) B_SPLINE_CURVE_WITH_KNOTS((1,2
    ,2,2,2,1),(-2.094395102393,0.,2.094395102393,4.188790204786,
6.28318530718,8.377580409573),.UNSPECIFIED.) CURVE() 
GEOMETRIC_REPRESENTATION_ITEM() RATIONAL_B_SPLINE_CURVE((1.,0.5,1.,0.5,
1.,0.5,1.)) REPRESENTATION_ITEM('') );
#1583 = CARTESIAN_POINT('',(-11.1,3.40453421458E-17));
#1584 = CARTESIAN_POINT('',(-11.1,5.369357503464));
#1585 = CARTESIAN_POINT('',(-6.45,2.684678751732));
#1586 = CARTESIAN_POINT('',(-1.8,7.933263576172E-16));
#1587 = CARTESIAN_POINT('',(-6.45,-2.684678751732));
#1588 = CARTESIAN_POINT('',(-11.1,-5.369357503464));
#1589 = CARTESIAN_POINT('',(-11.1,3.40453421458E-17));
#1590 = ( GEOMETRIC_REPRESENTATION_CONTEXT(2) 
PARAMETRIC_REPRESENTATION_CONTEXT() REPRESENTATION_CONTEXT('2D SPACE',''
  ) );
#1591 = PCURVE('',#1300,#1592);
#1592 = DEFINITIONAL_REPRESENTATION('',(#1593),#1597);
#1593 = LINE('',#1594,#1595);
#1594 = CARTESIAN_POINT('',(-0.,1.4));
#1595 = VECTOR('',#1596,1.);
#1596 = DIRECTION('',(-1.,0.));
#1597 = ( GEOMETRIC_REPRESENTATION_CONTEXT(2) 
PARAMETRIC_REPRESENTATION_CONTEXT() REPRESENTATION_CONTEXT('2D SPACE',''
  ) );
#1598 = FACE_BOUND('',#1599,.F.);
#1599 = EDGE_LOOP('',(#1600));
#1600 = ORIENTED_EDGE('',*,*,#1448,.F.);
#1601 = FACE_BOUND('',#1602,.F.);
#1602 = EDGE_LOOP('',(#1603));
#1603 = ORIENTED_EDGE('',*,*,#1229,.F.);
#1604 = ADVANCED_FACE('',(#1605),#1300,.F.);
#1605 = FACE_BOUND('',#1606,.T.);
#1606 = EDGE_LOOP('',(#1607,#1608,#1629,#1630));
#1607 = ORIENTED_EDGE('',*,*,#1571,.F.);
#1608 = ORIENTED_EDGE('',*,*,#1609,.F.);
#1609 = EDGE_CURVE('',#1284,#1572,#1610,.T.);
#1610 = SEAM_CURVE('',#1611,(#1615,#1622),.PCURVE_S1.);
#1611 = LINE('',#1612,#1613);
#1612 = CARTESIAN_POINT('',(9.7,-7.9,-5.940155956501E-16));
#1613 = VECTOR('',#1614,1.);
#1614 = DIRECTION('',(0.707106781187,0.707106781187,-2.516958341813E-16)
  );
#1615 = PCURVE('',#1300,#1616);
#1616 = DEFINITIONAL_REPRESENTATION('',(#1617),#1621);
#1617 = LINE('',#1618,#1619);
#1618 = CARTESIAN_POINT('',(-6.28318530718,-0.));
#1619 = VECTOR('',#1620,1.);
#1620 = DIRECTION('',(-0.,1.));
#1621 = ( GEOMETRIC_REPRESENTATION_CONTEXT(2) 
PARAMETRIC_REPRESENTATION_CONTEXT() REPRESENTATION_CONTEXT('2D SPACE',''
  ) );
#1622 = PCURVE('',#1300,#1623);
#1623 = DEFINITIONAL_REPRESENTATION('',(#1624),#1628);
#1624 = LINE('',#1625,#1626);
#1625 = CARTESIAN_POINT('',(-0.,-0.));
#1626 = VECTOR('',#1627,1.);
#1627 = DIRECTION('',(-0.,1.));
#1628 = ( GEOMETRIC_REPRESENTATION_CONTEXT(2) 
PARAMETRIC_REPRESENTATION_CONTEXT() REPRESENTATION_CONTEXT('2D SPACE',''
  ) );
#1629 = ORIENTED_EDGE('',*,*,#1283,.T.);
#1630 = ORIENTED_EDGE('',*,*,#1609,.T.);
#1631 = ADVANCED_FACE('',(#1632),#1355,.F.);
#1632 = FACE_BOUND('',#1633,.T.);
#1633 = EDGE_LOOP('',(#1634,#1655,#1656,#1657));
#1634 = ORIENTED_EDGE('',*,*,#1635,.T.);
#1635 = EDGE_CURVE('',#1339,#1542,#1636,.T.);
#1636 = SEAM_CURVE('',#1637,(#1641,#1648),.PCURVE_S1.);
#1637 = LINE('',#1638,#1639);
#1638 = CARTESIAN_POINT('',(4.025,-10.5,-8.748183708511E-16));
#1639 = VECTOR('',#1640,1.);
#1640 = DIRECTION('',(-0.,1.,-1.110223024625E-16));
#1641 = PCURVE('',#1355,#1642);
#1642 = DEFINITIONAL_REPRESENTATION('',(#1643),#1647);
#1643 = LINE('',#1644,#1645);
#1644 = CARTESIAN_POINT('',(-6.28318530718,-0.));
#1645 = VECTOR('',#1646,1.);
#1646 = DIRECTION('',(-0.,1.));
#1647 = ( GEOMETRIC_REPRESENTATION_CONTEXT(2) 
PARAMETRIC_REPRESENTATION_CONTEXT() REPRESENTATION_CONTEXT('2D SPACE',''
  ) );
#1648 = PCURVE('',#1355,#1649);
#1649 = DEFINITIONAL_REPRESENTATION('',(#1650),#1654);
#1650 = LINE('',#1651,#1652);
#1651 = CARTESIAN_POINT('',(-0.,-0.));
#1652 = VECTOR('',#1653,1.);
#1653 = DIRECTION('',(-0.,1.));
#1654 = ( GEOMETRIC_REPRESENTATION_CONTEXT(2) 
PARAMETRIC_REPRESENTATION_CONTEXT() REPRESENTATION_CONTEXT('2D SPACE',''
  ) );
#1655 = ORIENTED_EDGE('',*,*,#1541,.F.);
#1656 = ORIENTED_EDGE('',*,*,#1635,.F.);
#1657 = ORIENTED_EDGE('',*,*,#1338,.T.);
#1658 = ADVANCED_FACE('',(#1659),#1410,.F.);
#1659 = FACE_BOUND('',#1660,.T.);
#1660 = EDGE_LOOP('',(#1661,#1662,#1683,#1684));
#1661 = ORIENTED_EDGE('',*,*,#1511,.F.);
#1662 = ORIENTED_EDGE('',*,*,#1663,.F.);
#1663 = EDGE_CURVE('',#1394,#1512,#1664,.T.);
#1664 = SEAM_CURVE('',#1665,(#1669,#1676),.PCURVE_S1.);
#1665 = LINE('',#1666,#1667);
#1666 = CARTESIAN_POINT('',(-6.3,-7.9,-5.940155956501E-16));
#1667 = VECTOR('',#1668,1.);
#1668 = DIRECTION('',(0.707106781187,0.707106781187,-2.516958341813E-16)
  );
#1669 = PCURVE('',#1410,#1670);
#1670 = DEFINITIONAL_REPRESENTATION('',(#1671),#1675);
#1671 = LINE('',#1672,#1673);
#1672 = CARTESIAN_POINT('',(-6.28318530718,-0.));
#1673 = VECTOR('',#1674,1.);
#1674 = DIRECTION('',(-0.,1.));
#1675 = ( GEOMETRIC_REPRESENTATION_CONTEXT(2) 
PARAMETRIC_REPRESENTATION_CONTEXT() REPRESENTATION_CONTEXT('2D SPACE',''
  ) );
#1676 = PCURVE('',#1410,#1677);
#1677 = DEFINITIONAL_REPRESENTATION('',(#1678),#1682);
#1678 = LINE('',#1679,#1680);
#1679 = CARTESIAN_POINT('',(-0.,-0.));
#1680 = VECTOR('',#1681,1.);
#1681 = DIRECTION('',(-0.,1.));
#1682 = ( GEOMETRIC_REPRESENTATION_CONTEXT(2) 
PARAMETRIC_REPRESENTATION_CONTEXT() REPRESENTATION_CONTEXT('2D SPACE',''
  ) );
#1683 = ORIENTED_EDGE('',*,*,#1393,.T.);
#1684 = ORIENTED_EDGE('',*,*,#1663,.T.);
#1685 = ( GEOMETRIC_REPRESENTATION_CONTEXT(3) 
GLOBAL_UNCERTAINTY_ASSIGNED_CONTEXT((#1689)) 
GLOBAL_UNIT_ASSIGNED_CONTEXT((#1686,#1687,#1688)) REPRESENTATION_CONTEXT
('Context #1','3D Context with UNIT and UNCERTAINTY') );
#1686 = ( LENGTH_UNIT() NAMED_UNIT(*) SI_UNIT(.MILLI.,.METRE.) );
#1687 = ( NAMED_UNIT(*) PLANE_ANGLE_UNIT() SI_UNIT($,.RADIAN.) );
#1688 = ( NAMED_UNIT(*) SI_UNIT($,.STERADIAN.) SOLID_ANGLE_UNIT() );
#1689 = UNCERTAINTY_MEASURE_WITH_UNIT(LENGTH_MEASURE(1.E-07),#1686,
  'distance_accuracy_value','confusion accuracy');
#1690 = CONTEXT_DEPENDENT_SHAPE_REPRESENTATION(#1691,#1693);
#1691 = ( REPRESENTATION_RELATIONSHIP('','',#649,#10) 
REPRESENTATION_RELATIONSHIP_WITH_TRANSFORMATION(#1692) 
SHAPE_REPRESENTATION_RELATIONSHIP() );
#1692 = ITEM_DEFINED_TRANSFORMATION('','',#11,#19);
#1693 = PRODUCT_DEFINITION_SHAPE('Placement','Placement of an item',
  #1694);
#1694 = NEXT_ASSEMBLY_USAGE_OCCURRENCE('2','C1-ARM','',#5,#644,$);
#1695 = PRODUCT_RELATED_PRODUCT_CATEGORY('part',$,(#646));
#1696 = SHAPE_DEFINITION_REPRESENTATION(#1697,#1703);
#1697 = PRODUCT_DEFINITION_SHAPE('','',#1698);
#1698 = PRODUCT_DEFINITION('design','',#1699,#1702);
#1699 = PRODUCT_DEFINITION_FORMATION('','',#1700);
#1700 = PRODUCT('C1-PIN-1','C1-PIN-1','',(#1701));
#1701 = PRODUCT_CONTEXT('',#2,'mechanical');
#1702 = PRODUCT_DEFINITION_CONTEXT('part definition',#2,'design');
#1703 = ADVANCED_BREP_SHAPE_REPRESENTATION('',(#11,#1704),#1802);
#1704 = MANIFOLD_SOLID_BREP('',#1705);
#1705 = CLOSED_SHELL('',(#1706,#1794,#1798));
#1706 = ADVANCED_FACE('',(#1707),#1720,.T.);
#1707 = FACE_BOUND('',#1708,.T.);
#1708 = EDGE_LOOP('',(#1709,#1743,#1766,#1793));
#1709 = ORIENTED_EDGE('',*,*,#1710,.F.);
#1710 = EDGE_CURVE('',#1711,#1711,#1713,.T.);
#1711 = VERTEX_POINT('',#1712);
#1712 = CARTESIAN_POINT('',(-3.673940397442E-16,-6.6,9.5));
#1713 = SURFACE_CURVE('',#1714,(#1719,#1731),.PCURVE_S1.);
#1714 = CIRCLE('',#1715,1.5);
#1715 = AXIS2_PLACEMENT_3D('',#1716,#1717,#1718);
#1716 = CARTESIAN_POINT('',(0.,-6.6,8.));
#1717 = DIRECTION('',(0.,1.,0.));
#1718 = DIRECTION('',(0.,-0.,1.));
#1719 = PCURVE('',#1720,#1725);
#1720 = CYLINDRICAL_SURFACE('',#1721,1.5);
#1721 = AXIS2_PLACEMENT_3D('',#1722,#1723,#1724);
#1722 = CARTESIAN_POINT('',(0.,-12.4,8.));
#1723 = DIRECTION('',(0.,1.,0.));
#1724 = DIRECTION('',(0.,-0.,1.));
#1725 = DEFINITIONAL_REPRESENTATION('',(#1726),#1730);
#1726 = LINE('',#1727,#1728);
#1727 = CARTESIAN_POINT('',(0.,5.8));
#1728 = VECTOR('',#1729,1.);
#1729 = DIRECTION('',(1.,0.));
#1730 = ( GEOMETRIC_REPRESENTATION_CONTEXT(2) 
PARAMETRIC_REPRESENTATION_CONTEXT() REPRESENTATION_CONTEXT('2D SPACE',''
  ) );
#1731 = PCURVE('',#1732,#1737);
#1732 = PLANE('',#1733);
#1733 = AXIS2_PLACEMENT_3D('',#1734,#1735,#1736);
#1734 = CARTESIAN_POINT('',(0.,-6.6,8.));
#1735 = DIRECTION('',(0.,1.,0.));
#1736 = DIRECTION('',(0.,-0.,1.));
#1737 = DEFINITIONAL_REPRESENTATION('',(#1738),#1742);
#1738 = CIRCLE('',#1739,1.5);
#1739 = AXIS2_PLACEMENT_2D('',#1740,#1741);
#1740 = CARTESIAN_POINT('',(0.,0.));
#1741 = DIRECTION('',(1.,0.));
#1742 = ( GEOMETRIC_REPRESENTATION_CONTEXT(2) 
PARAMETRIC_REPRESENTATION_CONTEXT() REPRESENTATION_CONTEXT('2D SPACE',''
  ) );
#1743 = ORIENTED_EDGE('',*,*,#1744,.F.);
#1744 = EDGE_CURVE('',#1745,#1711,#1747,.T.);
#1745 = VERTEX_POINT('',#1746);
#1746 = CARTESIAN_POINT('',(-3.673940397442E-16,-12.4,9.5));
#1747 = SEAM_CURVE('',#1748,(#1752,#1759),.PCURVE_S1.);
#1748 = LINE('',#1749,#1750);
#1749 = CARTESIAN_POINT('',(-3.673940397442E-16,-12.4,9.5));
#1750 = VECTOR('',#1751,1.);
#1751 = DIRECTION('',(0.,1.,0.));
#1752 = PCURVE('',#1720,#1753);
#1753 = DEFINITIONAL_REPRESENTATION('',(#1754),#1758);
#1754 = LINE('',#1755,#1756);
#1755 = CARTESIAN_POINT('',(6.28318530718,-0.));
#1756 = VECTOR('',#1757,1.);
#1757 = DIRECTION('',(0.,1.));
#1758 = ( GEOMETRIC_REPRESENTATION_CONTEXT(2) 
PARAMETRIC_REPRESENTATION_CONTEXT() REPRESENTATION_CONTEXT('2D SPACE',''
  ) );
#1759 = PCURVE('',#1720,#1760);
#1760 = DEFINITIONAL_REPRESENTATION('',(#1761),#1765);
#1761 = LINE('',#1762,#1763);
#1762 = CARTESIAN_POINT('',(0.,-0.));
#1763 = VECTOR('',#1764,1.);
#1764 = DIRECTION('',(0.,1.));
#1765 = ( GEOMETRIC_REPRESENTATION_CONTEXT(2) 
PARAMETRIC_REPRESENTATION_CONTEXT() REPRESENTATION_CONTEXT('2D SPACE',''
  ) );
#1766 = ORIENTED_EDGE('',*,*,#1767,.T.);
#1767 = EDGE_CURVE('',#1745,#1745,#1768,.T.);
#1768 = SURFACE_CURVE('',#1769,(#1774,#1781),.PCURVE_S1.);
#1769 = CIRCLE('',#1770,1.5);
#1770 = AXIS2_PLACEMENT_3D('',#1771,#1772,#1773);
#1771 = CARTESIAN_POINT('',(0.,-12.4,8.));
#1772 = DIRECTION('',(0.,1.,0.));
#1773 = DIRECTION('',(0.,-0.,1.));
#1774 = PCURVE('',#1720,#1775);
#1775 = DEFINITIONAL_REPRESENTATION('',(#1776),#1780);
#1776 = LINE('',#1777,#1778);
#1777 = CARTESIAN_POINT('',(0.,0.));
#1778 = VECTOR('',#1779,1.);
#1779 = DIRECTION('',(1.,0.));
#1780 = ( GEOMETRIC_REPRESENTATION_CONTEXT(2) 
PARAMETRIC_REPRESENTATION_CONTEXT() REPRESENTATION_CONTEXT('2D SPACE',''
  ) );
#1781 = PCURVE('',#1782,#1787);
#1782 = PLANE('',#1783);
#1783 = AXIS2_PLACEMENT_3D('',#1784,#1785,#1786);
#1784 = CARTESIAN_POINT('',(0.,-12.4,8.));
#1785 = DIRECTION('',(0.,1.,0.));
#1786 = DIRECTION('',(0.,-0.,1.));
#1787 = DEFINITIONAL_REPRESENTATION('',(#1788),#1792);
#1788 = CIRCLE('',#1789,1.5);
#1789 = AXIS2_PLACEMENT_2D('',#1790,#1791);
#1790 = CARTESIAN_POINT('',(0.,0.));
#1791 = DIRECTION('',(1.,0.));
#1792 = ( GEOMETRIC_REPRESENTATION_CONTEXT(2) 
PARAMETRIC_REPRESENTATION_CONTEXT() REPRESENTATION_CONTEXT('2D SPACE',''
  ) );
#1793 = ORIENTED_EDGE('',*,*,#1744,.T.);
#1794 = ADVANCED_FACE('',(#1795),#1732,.T.);
#1795 = FACE_BOUND('',#1796,.T.);
#1796 = EDGE_LOOP('',(#1797));
#1797 = ORIENTED_EDGE('',*,*,#1710,.T.);
#1798 = ADVANCED_FACE('',(#1799),#1782,.F.);
#1799 = FACE_BOUND('',#1800,.T.);
#1800 = EDGE_LOOP('',(#1801));
#1801 = ORIENTED_EDGE('',*,*,#1767,.F.);
#1802 = ( GEOMETRIC_REPRESENTATION_CONTEXT(3) 
GLOBAL_UNCERTAINTY_ASSIGNED_CONTEXT((#1806)) 
GLOBAL_UNIT_ASSIGNED_CONTEXT((#1803,#1804,#1805)) REPRESENTATION_CONTEXT
('Context #1','3D Context with UNIT and UNCERTAINTY') );
#1803 = ( LENGTH_UNIT() NAMED_UNIT(*) SI_UNIT(.MILLI.,.METRE.) );
#1804 = ( NAMED_UNIT(*) PLANE_ANGLE_UNIT() SI_UNIT($,.RADIAN.) );
#1805 = ( NAMED_UNIT(*) SI_UNIT($,.STERADIAN.) SOLID_ANGLE_UNIT() );
#1806 = UNCERTAINTY_MEASURE_WITH_UNIT(LENGTH_MEASURE(1.E-07),#1803,
  'distance_accuracy_value','confusion accuracy');
#1807 = CONTEXT_DEPENDENT_SHAPE_REPRESENTATION(#1808,#1810);
#1808 = ( REPRESENTATION_RELATIONSHIP('','',#1703,#10) 
REPRESENTATION_RELATIONSHIP_WITH_TRANSFORMATION(#1809) 
SHAPE_REPRESENTATION_RELATIONSHIP() );
#1809 = ITEM_DEFINED_TRANSFORMATION('','',#11,#23);
#1810 = PRODUCT_DEFINITION_SHAPE('Placement','Placement of an item',
  #1811);
#1811 = NEXT_ASSEMBLY_USAGE_OCCURRENCE('3','C1-PIN-1','',#5,#1698,$);
#1812 = PRODUCT_RELATED_PRODUCT_CATEGORY('part',$,(#1700));
#1813 = SHAPE_DEFINITION_REPRESENTATION(#1814,#1820);
#1814 = PRODUCT_DEFINITION_SHAPE('','',#1815);
#1815 = PRODUCT_DEFINITION('design','',#1816,#1819);
#1816 = PRODUCT_DEFINITION_FORMATION('','',#1817);
#1817 = PRODUCT('C1-PIN-2','C1-PIN-2','',(#1818));
#1818 = PRODUCT_CONTEXT('',#2,'mechanical');
#1819 = PRODUCT_DEFINITION_CONTEXT('part definition',#2,'design');
#1820 = ADVANCED_BREP_SHAPE_REPRESENTATION('',(#11,#1821),#1919);
#1821 = MANIFOLD_SOLID_BREP('',#1822);
#1822 = CLOSED_SHELL('',(#1823,#1911,#1915));
#1823 = ADVANCED_FACE('',(#1824),#1837,.T.);
#1824 = FACE_BOUND('',#1825,.T.);
#1825 = EDGE_LOOP('',(#1826,#1860,#1883,#1910));
#1826 = ORIENTED_EDGE('',*,*,#1827,.F.);
#1827 = EDGE_CURVE('',#1828,#1828,#1830,.T.);
#1828 = VERTEX_POINT('',#1829);
#1829 = CARTESIAN_POINT('',(1.,-6.6,-6.5));
#1830 = SURFACE_CURVE('',#1831,(#1836,#1848),.PCURVE_S1.);
#1831 = CIRCLE('',#1832,1.5);
#1832 = AXIS2_PLACEMENT_3D('',#1833,#1834,#1835);
#1833 = CARTESIAN_POINT('',(1.,-6.6,-8.));
#1834 = DIRECTION('',(0.,1.,0.));
#1835 = DIRECTION('',(0.,-0.,1.));
#1836 = PCURVE('',#1837,#1842);
#1837 = CYLINDRICAL_SURFACE('',#1838,1.5);
#1838 = AXIS2_PLACEMENT_3D('',#1839,#1840,#1841);
#1839 = CARTESIAN_POINT('',(1.,-12.4,-8.));
#1840 = DIRECTION('',(0.,1.,0.));
#1841 = DIRECTION('',(0.,-0.,1.));
#1842 = DEFINITIONAL_REPRESENTATION('',(#1843),#1847);
#1843 = LINE('',#1844,#1845);
#1844 = CARTESIAN_POINT('',(0.,5.8));
#1845 = VECTOR('',#1846,1.);
#1846 = DIRECTION('',(1.,0.));
#1847 = ( GEOMETRIC_REPRESENTATION_CONTEXT(2) 
PARAMETRIC_REPRESENTATION_CONTEXT() REPRESENTATION_CONTEXT('2D SPACE',''
  ) );
#1848 = PCURVE('',#1849,#1854);
#1849 = PLANE('',#1850);
#1850 = AXIS2_PLACEMENT_3D('',#1851,#1852,#1853);
#1851 = CARTESIAN_POINT('',(1.,-6.6,-8.));
#1852 = DIRECTION('',(0.,1.,0.));
#1853 = DIRECTION('',(0.,-0.,1.));
#1854 = DEFINITIONAL_REPRESENTATION('',(#1855),#1859);
#1855 = CIRCLE('',#1856,1.5);
#1856 = AXIS2_PLACEMENT_2D('',#1857,#1858);
#1857 = CARTESIAN_POINT('',(0.,0.));
#1858 = DIRECTION('',(1.,0.));
#1859 = ( GEOMETRIC_REPRESENTATION_CONTEXT(2) 
PARAMETRIC_REPRESENTATION_CONTEXT() REPRESENTATION_CONTEXT('2D SPACE',''
  ) );
#1860 = ORIENTED_EDGE('',*,*,#1861,.F.);
#1861 = EDGE_CURVE('',#1862,#1828,#1864,.T.);
#1862 = VERTEX_POINT('',#1863);
#1863 = CARTESIAN_POINT('',(1.,-12.4,-6.5));
#1864 = SEAM_CURVE('',#1865,(#1869,#1876),.PCURVE_S1.);
#1865 = LINE('',#1866,#1867);
#1866 = CARTESIAN_POINT('',(1.,-12.4,-6.5));
#1867 = VECTOR('',#1868,1.);
#1868 = DIRECTION('',(0.,1.,0.));
#1869 = PCURVE('',#1837,#1870);
#1870 = DEFINITIONAL_REPRESENTATION('',(#1871),#1875);
#1871 = LINE('',#1872,#1873);
#1872 = CARTESIAN_POINT('',(6.28318530718,-0.));
#1873 = VECTOR('',#1874,1.);
#1874 = DIRECTION('',(0.,1.));
#1875 = ( GEOMETRIC_REPRESENTATION_CONTEXT(2) 
PARAMETRIC_REPRESENTATION_CONTEXT() REPRESENTATION_CONTEXT('2D SPACE',''
  ) );
#1876 = PCURVE('',#1837,#1877);
#1877 = DEFINITIONAL_REPRESENTATION('',(#1878),#1882);
#1878 = LINE('',#1879,#1880);
#1879 = CARTESIAN_POINT('',(0.,-0.));
#1880 = VECTOR('',#1881,1.);
#1881 = DIRECTION('',(0.,1.));
#1882 = ( GEOMETRIC_REPRESENTATION_CONTEXT(2) 
PARAMETRIC_REPRESENTATION_CONTEXT() REPRESENTATION_CONTEXT('2D SPACE',''
  ) );
#1883 = ORIENTED_EDGE('',*,*,#1884,.T.);
#1884 = EDGE_CURVE('',#1862,#1862,#1885,.T.);
#1885 = SURFACE_CURVE('',#1886,(#1891,#1898),.PCURVE_S1.);
#1886 = CIRCLE('',#1887,1.5);
#1887 = AXIS2_PLACEMENT_3D('',#1888,#1889,#1890);
#1888 = CARTESIAN_POINT('',(1.,-12.4,-8.));
#1889 = DIRECTION('',(0.,1.,0.));
#1890 = DIRECTION('',(0.,-0.,1.));
#1891 = PCURVE('',#1837,#1892);
#1892 = DEFINITIONAL_REPRESENTATION('',(#1893),#1897);
#1893 = LINE('',#1894,#1895);
#1894 = CARTESIAN_POINT('',(0.,0.));
#1895 = VECTOR('',#1896,1.);
#1896 = DIRECTION('',(1.,0.));
#1897 = ( GEOMETRIC_REPRESENTATION_CONTEXT(2) 
PARAMETRIC_REPRESENTATION_CONTEXT() REPRESENTATION_CONTEXT('2D SPACE',''
  ) );
#1898 = PCURVE('',#1899,#1904);
#1899 = PLANE('',#1900);
#1900 = AXIS2_PLACEMENT_3D('',#1901,#1902,#1903);
#1901 = CARTESIAN_POINT('',(1.,-12.4,-8.));
#1902 = DIRECTION('',(0.,1.,0.));
#1903 = DIRECTION('',(0.,-0.,1.));
#1904 = DEFINITIONAL_REPRESENTATION('',(#1905),#1909);
#1905 = CIRCLE('',#1906,1.5);
#1906 = AXIS2_PLACEMENT_2D('',#1907,#1908);
#1907 = CARTESIAN_POINT('',(0.,0.));
#1908 = DIRECTION('',(1.,0.));
#1909 = ( GEOMETRIC_REPRESENTATION_CONTEXT(2) 
PARAMETRIC_REPRESENTATION_CONTEXT() REPRESENTATION_CONTEXT('2D SPACE',''
  ) );
#1910 = ORIENTED_EDGE('',*,*,#1861,.T.);
#1911 = ADVANCED_FACE('',(#1912),#1849,.T.);
#1912 = FACE_BOUND('',#1913,.T.);
#1913 = EDGE_LOOP('',(#1914));
#1914 = ORIENTED_EDGE('',*,*,#1827,.T.);
#1915 = ADVANCED_FACE('',(#1916),#1899,.F.);
#1916 = FACE_BOUND('',#1917,.T.);
#1917 = EDGE_LOOP('',(#1918));
#1918 = ORIENTED_EDGE('',*,*,#1884,.F.);
#1919 = ( GEOMETRIC_REPRESENTATION_CONTEXT(3) 
GLOBAL_UNCERTAINTY_ASSIGNED_CONTEXT((#1923)) 
GLOBAL_UNIT_ASSIGNED_CONTEXT((#1920,#1921,#1922)) REPRESENTATION_CONTEXT
('Context #1','3D Context with UNIT and UNCERTAINTY') );
#1920 = ( LENGTH_UNIT() NAMED_UNIT(*) SI_UNIT(.MILLI.,.METRE.) );
#1921 = ( NAMED_UNIT(*) PLANE_ANGLE_UNIT() SI_UNIT($,.RADIAN.) );
#1922 = ( NAMED_UNIT(*) SI_UNIT($,.STERADIAN.) SOLID_ANGLE_UNIT() );
#1923 = UNCERTAINTY_MEASURE_WITH_UNIT(LENGTH_MEASURE(1.E-07),#1920,
  'distance_accuracy_value','confusion accuracy');
#1924 = CONTEXT_DEPENDENT_SHAPE_REPRESENTATION(#1925,#1927);
#1925 = ( REPRESENTATION_RELATIONSHIP('','',#1820,#10) 
REPRESENTATION_RELATIONSHIP_WITH_TRANSFORMATION(#1926) 
SHAPE_REPRESENTATION_RELATIONSHIP() );
#1926 = ITEM_DEFINED_TRANSFORMATION('','',#11,#27);
#1927 = PRODUCT_DEFINITION_SHAPE('Placement','Placement of an item',
  #1928);
#1928 = NEXT_ASSEMBLY_USAGE_OCCURRENCE('4','C1-PIN-2','',#5,#1815,$);
#1929 = PRODUCT_RELATED_PRODUCT_CATEGORY('part',$,(#1817));
#1930 = SHAPE_DEFINITION_REPRESENTATION(#1931,#1937);
#1931 = PRODUCT_DEFINITION_SHAPE('','',#1932);
#1932 = PRODUCT_DEFINITION('design','',#1933,#1936);
#1933 = PRODUCT_DEFINITION_FORMATION('','',#1934);
#1934 = PRODUCT('C1-SCREW-1','C1-SCREW-1','',(#1935));
#1935 = PRODUCT_CONTEXT('',#2,'mechanical');
#1936 = PRODUCT_DEFINITION_CONTEXT('part definition',#2,'design');
#1937 = ADVANCED_BREP_SHAPE_REPRESENTATION('',(#11,#1938),#2556);
#1938 = MANIFOLD_SOLID_BREP('',#1939);
#1939 = CLOSED_SHELL('',(#1940,#2027,#2082,#2086,#2248,#2324,#2373,#2422
    ,#2471,#2520,#2547));
#1940 = ADVANCED_FACE('',(#1941),#1954,.T.);
#1941 = FACE_BOUND('',#1942,.T.);
#1942 = EDGE_LOOP('',(#1943,#1976,#1999,#2026));
#1943 = ORIENTED_EDGE('',*,*,#1944,.F.);
#1944 = EDGE_CURVE('',#1945,#1945,#1947,.T.);
#1945 = VERTEX_POINT('',#1946);
#1946 = CARTESIAN_POINT('',(-8.,-8.1,1.5));
#1947 = SURFACE_CURVE('',#1948,(#1953,#1965),.PCURVE_S1.);
#1948 = CIRCLE('',#1949,1.5);
#1949 = AXIS2_PLACEMENT_3D('',#1950,#1951,#1952);
#1950 = CARTESIAN_POINT('',(-8.,-8.1,0.));
#1951 = DIRECTION('',(0.,1.,0.));
#1952 = DIRECTION('',(0.,-0.,1.));
#1953 = PCURVE('',#1954,#1959);
#1954 = CYLINDRICAL_SURFACE('',#1955,1.5);
#1955 = AXIS2_PLACEMENT_3D('',#1956,#1957,#1958);
#1956 = CARTESIAN_POINT('',(-8.,-12.3,0.));
#1957 = DIRECTION('',(0.,1.,0.));
#1958 = DIRECTION('',(0.,-0.,1.));
#1959 = DEFINITIONAL_REPRESENTATION('',(#1960),#1964);
#1960 = LINE('',#1961,#1962);
#1961 = CARTESIAN_POINT('',(0.,4.2));
#1962 = VECTOR('',#1963,1.);
#1963 = DIRECTION('',(1.,0.));
#1964 = ( GEOMETRIC_REPRESENTATION_CONTEXT(2) 
PARAMETRIC_REPRESENTATION_CONTEXT() REPRESENTATION_CONTEXT('2D SPACE',''
  ) );
#1965 = PCURVE('',#1966,#1971);
#1966 = CONICAL_SURFACE('',#1967,1.5,0.785398163397);
#1967 = AXIS2_PLACEMENT_3D('',#1968,#1969,#1970);
#1968 = CARTESIAN_POINT('',(-8.,-8.1,0.));
#1969 = DIRECTION('',(0.,1.,0.));
#1970 = DIRECTION('',(0.,-0.,1.));
#1971 = DEFINITIONAL_REPRESENTATION('',(#1972),#1975);
#1972 = B_SPLINE_CURVE_WITH_KNOTS('',1,(#1973,#1974),.UNSPECIFIED.,.F.,
  .F.,(2,2),(0.,6.28318530718),.PIECEWISE_BEZIER_KNOTS.);
#1973 = CARTESIAN_POINT('',(0.,0.));
#1974 = CARTESIAN_POINT('',(6.28318530718,0.));
#1975 = ( GEOMETRIC_REPRESENTATION_CONTEXT(2) 
PARAMETRIC_REPRESENTATION_CONTEXT() REPRESENTATION_CONTEXT('2D SPACE',''
  ) );
#1976 = ORIENTED_EDGE('',*,*,#1977,.F.);
#1977 = EDGE_CURVE('',#1978,#1945,#1980,.T.);
#1978 = VERTEX_POINT('',#1979);
#1979 = CARTESIAN_POINT('',(-8.,-12.3,1.5));
#1980 = SEAM_CURVE('',#1981,(#1985,#1992),.PCURVE_S1.);
#1981 = LINE('',#1982,#1983);
#1982 = CARTESIAN_POINT('',(-8.,-12.3,1.5));
#1983 = VECTOR('',#1984,1.);
#1984 = DIRECTION('',(0.,1.,0.));
#1985 = PCURVE('',#1954,#1986);
#1986 = DEFINITIONAL_REPRESENTATION('',(#1987),#1991);
#1987 = LINE('',#1988,#1989);
#1988 = CARTESIAN_POINT('',(6.28318530718,-0.));
#1989 = VECTOR('',#1990,1.);
#1990 = DIRECTION('',(0.,1.));
#1991 = ( GEOMETRIC_REPRESENTATION_CONTEXT(2) 
PARAMETRIC_REPRESENTATION_CONTEXT() REPRESENTATION_CONTEXT('2D SPACE',''
  ) );
#1992 = PCURVE('',#1954,#1993);
#1993 = DEFINITIONAL_REPRESENTATION('',(#1994),#1998);
#1994 = LINE('',#1995,#1996);
#1995 = CARTESIAN_POINT('',(0.,-0.));
#1996 = VECTOR('',#1997,1.);
#1997 = DIRECTION('',(0.,1.));
#1998 = ( GEOMETRIC_REPRESENTATION_CONTEXT(2) 
PARAMETRIC_REPRESENTATION_CONTEXT() REPRESENTATION_CONTEXT('2D SPACE',''
  ) );
#1999 = ORIENTED_EDGE('',*,*,#2000,.T.);
#2000 = EDGE_CURVE('',#1978,#1978,#2001,.T.);
#2001 = SURFACE_CURVE('',#2002,(#2007,#2014),.PCURVE_S1.);
#2002 = CIRCLE('',#2003,1.5);
#2003 = AXIS2_PLACEMENT_3D('',#2004,#2005,#2006);
#2004 = CARTESIAN_POINT('',(-8.,-12.3,0.));
#2005 = DIRECTION('',(0.,1.,0.));
#2006 = DIRECTION('',(0.,-0.,1.));
#2007 = PCURVE('',#1954,#2008);
#2008 = DEFINITIONAL_REPRESENTATION('',(#2009),#2013);
#2009 = LINE('',#2010,#2011);
#2010 = CARTESIAN_POINT('',(0.,0.));
#2011 = VECTOR('',#2012,1.);
#2012 = DIRECTION('',(1.,0.));
#2013 = ( GEOMETRIC_REPRESENTATION_CONTEXT(2) 
PARAMETRIC_REPRESENTATION_CONTEXT() REPRESENTATION_CONTEXT('2D SPACE',''
  ) );
#2014 = PCURVE('',#2015,#2020);
#2015 = PLANE('',#2016);
#2016 = AXIS2_PLACEMENT_3D('',#2017,#2018,#2019);
#2017 = CARTESIAN_POINT('',(-8.,-12.3,0.));
#2018 = DIRECTION('',(0.,1.,0.));
#2019 = DIRECTION('',(0.,-0.,1.));
#2020 = DEFINITIONAL_REPRESENTATION('',(#2021),#2025);
#2021 = CIRCLE('',#2022,1.5);
#2022 = AXIS2_PLACEMENT_2D('',#2023,#2024);
#2023 = CARTESIAN_POINT('',(0.,0.));
#2024 = DIRECTION('',(1.,0.));
#2025 = ( GEOMETRIC_REPRESENTATION_CONTEXT(2) 
PARAMETRIC_REPRESENTATION_CONTEXT() REPRESENTATION_CONTEXT('2D SPACE',''
  ) );
#2026 = ORIENTED_EDGE('',*,*,#1977,.T.);
#2027 = ADVANCED_FACE('',(#2028),#1966,.T.);
#2028 = FACE_BOUND('',#2029,.T.);
#2029 = EDGE_LOOP('',(#2030,#2059,#2080,#2081));
#2030 = ORIENTED_EDGE('',*,*,#2031,.F.);
#2031 = EDGE_CURVE('',#2032,#2032,#2034,.T.);
#2032 = VERTEX_POINT('',#2033);
#2033 = CARTESIAN_POINT('',(-8.,-6.6,3.));
#2034 = SURFACE_CURVE('',#2035,(#2040,#2047),.PCURVE_S1.);
#2035 = CIRCLE('',#2036,3.);
#2036 = AXIS2_PLACEMENT_3D('',#2037,#2038,#2039);
#2037 = CARTESIAN_POINT('',(-8.,-6.6,0.));
#2038 = DIRECTION('',(0.,1.,0.));
#2039 = DIRECTION('',(0.,-0.,1.));
#2040 = PCURVE('',#1966,#2041);
#2041 = DEFINITIONAL_REPRESENTATION('',(#2042),#2046);
#2042 = LINE('',#2043,#2044);
#2043 = CARTESIAN_POINT('',(0.,1.5));
#2044 = VECTOR('',#2045,1.);
#2045 = DIRECTION('',(1.,0.));
#2046 = ( GEOMETRIC_REPRESENTATION_CONTEXT(2) 
PARAMETRIC_REPRESENTATION_CONTEXT() REPRESENTATION_CONTEXT('2D SPACE',''
  ) );
#2047 = PCURVE('',#2048,#2053);
#2048 = PLANE('',#2049);
#2049 = AXIS2_PLACEMENT_3D('',#2050,#2051,#2052);
#2050 = CARTESIAN_POINT('',(-8.,-6.6,0.));
#2051 = DIRECTION('',(0.,1.,0.));
#2052 = DIRECTION('',(0.,-0.,1.));
#2053 = DEFINITIONAL_REPRESENTATION('',(#2054),#2058);
#2054 = CIRCLE('',#2055,3.);
#2055 = AXIS2_PLACEMENT_2D('',#2056,#2057);
#2056 = CARTESIAN_POINT('',(0.,0.));
#2057 = DIRECTION('',(1.,0.));
#2058 = ( GEOMETRIC_REPRESENTATION_CONTEXT(2) 
PARAMETRIC_REPRESENTATION_CONTEXT() REPRESENTATION_CONTEXT('2D SPACE',''
  ) );
#2059 = ORIENTED_EDGE('',*,*,#2060,.F.);
#2060 = EDGE_CURVE('',#1945,#2032,#2061,.T.);
#2061 = SEAM_CURVE('',#2062,(#2066,#2073),.PCURVE_S1.);
#2062 = LINE('',#2063,#2064);
#2063 = CARTESIAN_POINT('',(-8.,-8.1,1.5));
#2064 = VECTOR('',#2065,1.);
#2065 = DIRECTION('',(-1.731912112471E-16,0.707106781187,0.707106781187)
  );
#2066 = PCURVE('',#1966,#2067);
#2067 = DEFINITIONAL_REPRESENTATION('',(#2068),#2072);
#2068 = LINE('',#2069,#2070);
#2069 = CARTESIAN_POINT('',(6.28318530718,-0.));
#2070 = VECTOR('',#2071,1.);
#2071 = DIRECTION('',(0.,1.));
#2072 = ( GEOMETRIC_REPRESENTATION_CONTEXT(2) 
PARAMETRIC_REPRESENTATION_CONTEXT() REPRESENTATION_CONTEXT('2D SPACE',''
  ) );
#2073 = PCURVE('',#1966,#2074);
#2074 = DEFINITIONAL_REPRESENTATION('',(#2075),#2079);
#2075 = LINE('',#2076,#2077);
#2076 = CARTESIAN_POINT('',(0.,-0.));
#2077 = VECTOR('',#2078,1.);
#2078 = DIRECTION('',(0.,1.));
#2079 = ( GEOMETRIC_REPRESENTATION_CONTEXT(2) 
PARAMETRIC_REPRESENTATION_CONTEXT() REPRESENTATION_CONTEXT('2D SPACE',''
  ) );
#2080 = ORIENTED_EDGE('',*,*,#1944,.T.);
#2081 = ORIENTED_EDGE('',*,*,#2060,.T.);
#2082 = ADVANCED_FACE('',(#2083),#2015,.F.);
#2083 = FACE_BOUND('',#2084,.T.);
#2084 = EDGE_LOOP('',(#2085));
#2085 = ORIENTED_EDGE('',*,*,#2000,.F.);
#2086 = ADVANCED_FACE('',(#2087,#2090),#2048,.T.);
#2087 = FACE_BOUND('',#2088,.T.);
#2088 = EDGE_LOOP('',(#2089));
#2089 = ORIENTED_EDGE('',*,*,#2031,.T.);
#2090 = FACE_BOUND('',#2091,.T.);
#2091 = EDGE_LOOP('',(#2092,#2120,#2146,#2172,#2198,#2224));
#2092 = ORIENTED_EDGE('',*,*,#2093,.T.);
#2093 = EDGE_CURVE('',#2094,#2096,#2098,.T.);
#2094 = VERTEX_POINT('',#2095);
#2095 = CARTESIAN_POINT('',(-7.42264973081,-6.6,-1.));
#2096 = VERTEX_POINT('',#2097);
#2097 = CARTESIAN_POINT('',(-6.845299461621,-6.6,0.));
#2098 = SURFACE_CURVE('',#2099,(#2103,#2109),.PCURVE_S1.);
#2099 = LINE('',#2100,#2101);
#2100 = CARTESIAN_POINT('',(-7.278312163513,-6.6,-0.75));
#2101 = VECTOR('',#2102,1.);
#2102 = DIRECTION('',(0.5,-0.,0.866025403784));
#2103 = PCURVE('',#2048,#2104);
#2104 = DEFINITIONAL_REPRESENTATION('',(#2105),#2108);
#2105 = B_SPLINE_CURVE_WITH_KNOTS('',1,(#2106,#2107),.UNSPECIFIED.,.F.,
  .F.,(2,2),(-0.288675134595,0.866025403784),.PIECEWISE_BEZIER_KNOTS.);
#2106 = CARTESIAN_POINT('',(-1.,0.57735026919));
#2107 = CARTESIAN_POINT('',(1.110223024625E-16,1.154700538379));
#2108 = ( GEOMETRIC_REPRESENTATION_CONTEXT(2) 
PARAMETRIC_REPRESENTATION_CONTEXT() REPRESENTATION_CONTEXT('2D SPACE',''
  ) );
#2109 = PCURVE('',#2110,#2115);
#2110 = PLANE('',#2111);
#2111 = AXIS2_PLACEMENT_3D('',#2112,#2113,#2114);
#2112 = CARTESIAN_POINT('',(-7.42264973081,-6.5,-1.));
#2113 = DIRECTION('',(-0.866025403784,0.,0.5));
#2114 = DIRECTION('',(0.5,0.,0.866025403784));
#2115 = DEFINITIONAL_REPRESENTATION('',(#2116),#2119);
#2116 = B_SPLINE_CURVE_WITH_KNOTS('',1,(#2117,#2118),.UNSPECIFIED.,.F.,
  .F.,(2,2),(-0.288675134595,0.866025403784),.PIECEWISE_BEZIER_KNOTS.);
#2117 = CARTESIAN_POINT('',(0.,-1.E-01));
#2118 = CARTESIAN_POINT('',(1.154700538379,-1.E-01));
#2119 = ( GEOMETRIC_REPRESENTATION_CONTEXT(2) 
PARAMETRIC_REPRESENTATION_CONTEXT() REPRESENTATION_CONTEXT('2D SPACE',''
  ) );
#2120 = ORIENTED_EDGE('',*,*,#2121,.T.);
#2121 = EDGE_CURVE('',#2096,#2122,#2124,.T.);
#2122 = VERTEX_POINT('',#2123);
#2123 = CARTESIAN_POINT('',(-7.42264973081,-6.6,1.));
#2124 = SURFACE_CURVE('',#2125,(#2129,#2135),.PCURVE_S1.);
#2125 = LINE('',#2126,#2127);
#2126 = CARTESIAN_POINT('',(-6.989637028918,-6.6,0.25));
#2127 = VECTOR('',#2128,1.);
#2128 = DIRECTION('',(-0.5,0.,0.866025403784));
#2129 = PCURVE('',#2048,#2130);
#2130 = DEFINITIONAL_REPRESENTATION('',(#2131),#2134);
#2131 = B_SPLINE_CURVE_WITH_KNOTS('',1,(#2132,#2133),.UNSPECIFIED.,.F.,
  .F.,(2,2),(-0.288675134595,0.866025403784),.PIECEWISE_BEZIER_KNOTS.);
#2132 = CARTESIAN_POINT('',(-1.110223024625E-16,1.154700538379));
#2133 = CARTESIAN_POINT('',(1.,0.57735026919));
#2134 = ( GEOMETRIC_REPRESENTATION_CONTEXT(2) 
PARAMETRIC_REPRESENTATION_CONTEXT() REPRESENTATION_CONTEXT('2D SPACE',''
  ) );
#2135 = PCURVE('',#2136,#2141);
#2136 = PLANE('',#2137);
#2137 = AXIS2_PLACEMENT_3D('',#2138,#2139,#2140);
#2138 = CARTESIAN_POINT('',(-6.845299461621,-6.5,0.));
#2139 = DIRECTION('',(-0.866025403784,-0.,-0.5));
#2140 = DIRECTION('',(-0.5,0.,0.866025403784));
#2141 = DEFINITIONAL_REPRESENTATION('',(#2142),#2145);
#2142 = B_SPLINE_CURVE_WITH_KNOTS('',1,(#2143,#2144),.UNSPECIFIED.,.F.,
  .F.,(2,2),(-0.288675134595,0.866025403784),.PIECEWISE_BEZIER_KNOTS.);
#2143 = CARTESIAN_POINT('',(0.,-1.E-01));
#2144 = CARTESIAN_POINT('',(1.154700538379,-1.E-01));
#2145 = ( GEOMETRIC_REPRESENTATION_CONTEXT(2) 
PARAMETRIC_REPRESENTATION_CONTEXT() REPRESENTATION_CONTEXT('2D SPACE',''
  ) );
#2146 = ORIENTED_EDGE('',*,*,#2147,.T.);
#2147 = EDGE_CURVE('',#2122,#2148,#2150,.T.);
#2148 = VERTEX_POINT('',#2149);
#2149 = CARTESIAN_POINT('',(-8.57735026919,-6.6,1.));
#2150 = SURFACE_CURVE('',#2151,(#2155,#2161),.PCURVE_S1.);
#2151 = LINE('',#2152,#2153);
#2152 = CARTESIAN_POINT('',(-7.711324865405,-6.6,1.));
#2153 = VECTOR('',#2154,1.);
#2154 = DIRECTION('',(-1.,0.,1.922962686384E-16));
#2155 = PCURVE('',#2048,#2156);
#2156 = DEFINITIONAL_REPRESENTATION('',(#2157),#2160);
#2157 = B_SPLINE_CURVE_WITH_KNOTS('',1,(#2158,#2159),.UNSPECIFIED.,.F.,
  .F.,(2,2),(-0.288675134595,0.866025403784),.PIECEWISE_BEZIER_KNOTS.);
#2158 = CARTESIAN_POINT('',(1.,0.57735026919));
#2159 = CARTESIAN_POINT('',(1.,-0.57735026919));
#2160 = ( GEOMETRIC_REPRESENTATION_CONTEXT(2) 
PARAMETRIC_REPRESENTATION_CONTEXT() REPRESENTATION_CONTEXT('2D SPACE',''
  ) );
#2161 = PCURVE('',#2162,#2167);
#2162 = PLANE('',#2163);
#2163 = AXIS2_PLACEMENT_3D('',#2164,#2165,#2166);
#2164 = CARTESIAN_POINT('',(-7.42264973081,-6.5,1.));
#2165 = DIRECTION('',(-1.922962686384E-16,-0.,-1.));
#2166 = DIRECTION('',(-1.,0.,1.922962686384E-16));
#2167 = DEFINITIONAL_REPRESENTATION('',(#2168),#2171);
#2168 = B_SPLINE_CURVE_WITH_KNOTS('',1,(#2169,#2170),.UNSPECIFIED.,.F.,
  .F.,(2,2),(-0.288675134595,0.866025403784),.PIECEWISE_BEZIER_KNOTS.);
#2169 = CARTESIAN_POINT('',(0.,-1.E-01));
#2170 = CARTESIAN_POINT('',(1.154700538379,-1.E-01));
#2171 = ( GEOMETRIC_REPRESENTATION_CONTEXT(2) 
PARAMETRIC_REPRESENTATION_CONTEXT() REPRESENTATION_CONTEXT('2D SPACE',''
  ) );
#2172 = ORIENTED_EDGE('',*,*,#2173,.T.);
#2173 = EDGE_CURVE('',#2148,#2174,#2176,.T.);
#2174 = VERTEX_POINT('',#2175);
#2175 = CARTESIAN_POINT('',(-9.154700538379,-6.6,1.4141003183E-16));
#2176 = SURFACE_CURVE('',#2177,(#2181,#2187),.PCURVE_S1.);
#2177 = LINE('',#2178,#2179);
#2178 = CARTESIAN_POINT('',(-8.721687836487,-6.6,0.75));
#2179 = VECTOR('',#2180,1.);
#2180 = DIRECTION('',(-0.5,0.,-0.866025403784));
#2181 = PCURVE('',#2048,#2182);
#2182 = DEFINITIONAL_REPRESENTATION('',(#2183),#2186);
#2183 = B_SPLINE_CURVE_WITH_KNOTS('',1,(#2184,#2185),.UNSPECIFIED.,.F.,
  .F.,(2,2),(-0.288675134595,0.866025403784),.PIECEWISE_BEZIER_KNOTS.);
#2184 = CARTESIAN_POINT('',(1.,-0.57735026919));
#2185 = CARTESIAN_POINT('',(-2.22044604925E-16,-1.154700538379));
#2186 = ( GEOMETRIC_REPRESENTATION_CONTEXT(2) 
PARAMETRIC_REPRESENTATION_CONTEXT() REPRESENTATION_CONTEXT('2D SPACE',''
  ) );
#2187 = PCURVE('',#2188,#2193);
#2188 = PLANE('',#2189);
#2189 = AXIS2_PLACEMENT_3D('',#2190,#2191,#2192);
#2190 = CARTESIAN_POINT('',(-8.57735026919,-6.5,1.));
#2191 = DIRECTION('',(0.866025403784,0.,-0.5));
#2192 = DIRECTION('',(-0.5,-0.,-0.866025403784));
#2193 = DEFINITIONAL_REPRESENTATION('',(#2194),#2197);
#2194 = B_SPLINE_CURVE_WITH_KNOTS('',1,(#2195,#2196),.UNSPECIFIED.,.F.,
  .F.,(2,2),(-0.288675134595,0.866025403784),.PIECEWISE_BEZIER_KNOTS.);
#2195 = CARTESIAN_POINT('',(0.,-1.E-01));
#2196 = CARTESIAN_POINT('',(1.154700538379,-1.E-01));
#2197 = ( GEOMETRIC_REPRESENTATION_CONTEXT(2) 
PARAMETRIC_REPRESENTATION_CONTEXT() REPRESENTATION_CONTEXT('2D SPACE',''
  ) );
#2198 = ORIENTED_EDGE('',*,*,#2199,.T.);
#2199 = EDGE_CURVE('',#2174,#2200,#2202,.T.);
#2200 = VERTEX_POINT('',#2201);
#2201 = CARTESIAN_POINT('',(-8.57735026919,-6.6,-1.));
#2202 = SURFACE_CURVE('',#2203,(#2207,#2213),.PCURVE_S1.);
#2203 = LINE('',#2204,#2205);
#2204 = CARTESIAN_POINT('',(-9.010362971082,-6.6,-0.25));
#2205 = VECTOR('',#2206,1.);
#2206 = DIRECTION('',(0.5,0.,-0.866025403784));
#2207 = PCURVE('',#2048,#2208);
#2208 = DEFINITIONAL_REPRESENTATION('',(#2209),#2212);
#2209 = B_SPLINE_CURVE_WITH_KNOTS('',1,(#2210,#2211),.UNSPECIFIED.,.F.,
  .F.,(2,2),(-0.288675134595,0.866025403784),.PIECEWISE_BEZIER_KNOTS.);
#2210 = CARTESIAN_POINT('',(-1.665334536938E-16,-1.154700538379));
#2211 = CARTESIAN_POINT('',(-1.,-0.57735026919));
#2212 = ( GEOMETRIC_REPRESENTATION_CONTEXT(2) 
PARAMETRIC_REPRESENTATION_CONTEXT() REPRESENTATION_CONTEXT('2D SPACE',''
  ) );
#2213 = PCURVE('',#2214,#2219);
#2214 = PLANE('',#2215);
#2215 = AXIS2_PLACEMENT_3D('',#2216,#2217,#2218);
#2216 = CARTESIAN_POINT('',(-9.154700538379,-6.5,1.4141003183E-16));
#2217 = DIRECTION('',(0.866025403784,0.,0.5));
#2218 = DIRECTION('',(0.5,0.,-0.866025403784));
#2219 = DEFINITIONAL_REPRESENTATION('',(#2220),#2223);
#2220 = B_SPLINE_CURVE_WITH_KNOTS('',1,(#2221,#2222),.UNSPECIFIED.,.F.,
  .F.,(2,2),(-0.288675134595,0.866025403784),.PIECEWISE_BEZIER_KNOTS.);
#2221 = CARTESIAN_POINT('',(0.,-1.E-01));
#2222 = CARTESIAN_POINT('',(1.154700538379,-1.E-01));
#2223 = ( GEOMETRIC_REPRESENTATION_CONTEXT(2) 
PARAMETRIC_REPRESENTATION_CONTEXT() REPRESENTATION_CONTEXT('2D SPACE',''
  ) );
#2224 = ORIENTED_EDGE('',*,*,#2225,.T.);
#2225 = EDGE_CURVE('',#2200,#2094,#2226,.T.);
#2226 = SURFACE_CURVE('',#2227,(#2231,#2237),.PCURVE_S1.);
#2227 = LINE('',#2228,#2229);
#2228 = CARTESIAN_POINT('',(-8.288675134595,-6.6,-1.));
#2229 = VECTOR('',#2230,1.);
#2230 = DIRECTION('',(1.,0.,-7.691850745534E-16));
#2231 = PCURVE('',#2048,#2232);
#2232 = DEFINITIONAL_REPRESENTATION('',(#2233),#2236);
#2233 = B_SPLINE_CURVE_WITH_KNOTS('',1,(#2234,#2235),.UNSPECIFIED.,.F.,
  .F.,(2,2),(-0.288675134595,0.866025403784),.PIECEWISE_BEZIER_KNOTS.);
#2234 = CARTESIAN_POINT('',(-1.,-0.57735026919));
#2235 = CARTESIAN_POINT('',(-1.,0.57735026919));
#2236 = ( GEOMETRIC_REPRESENTATION_CONTEXT(2) 
PARAMETRIC_REPRESENTATION_CONTEXT() REPRESENTATION_CONTEXT('2D SPACE',''
  ) );
#2237 = PCURVE('',#2238,#2243);
#2238 = PLANE('',#2239);
#2239 = AXIS2_PLACEMENT_3D('',#2240,#2241,#2242);
#2240 = CARTESIAN_POINT('',(-8.57735026919,-6.5,-1.));
#2241 = DIRECTION('',(7.691850745534E-16,0.,1.));
#2242 = DIRECTION('',(1.,0.,-7.691850745534E-16));
#2243 = DEFINITIONAL_REPRESENTATION('',(#2244),#2247);
#2244 = B_SPLINE_CURVE_WITH_KNOTS('',1,(#2245,#2246),.UNSPECIFIED.,.F.,
  .F.,(2,2),(-0.288675134595,0.866025403784),.PIECEWISE_BEZIER_KNOTS.);
#2245 = CARTESIAN_POINT('',(0.,-1.E-01));
#2246 = CARTESIAN_POINT('',(1.154700538379,-1.E-01));
#2247 = ( GEOMETRIC_REPRESENTATION_CONTEXT(2) 
PARAMETRIC_REPRESENTATION_CONTEXT() REPRESENTATION_CONTEXT('2D SPACE',''
  ) );
#2248 = ADVANCED_FACE('',(#2249),#2110,.T.);
#2249 = FACE_BOUND('',#2250,.T.);
#2250 = EDGE_LOOP('',(#2251,#2252,#2275,#2303));
#2251 = ORIENTED_EDGE('',*,*,#2093,.F.);
#2252 = ORIENTED_EDGE('',*,*,#2253,.T.);
#2253 = EDGE_CURVE('',#2094,#2254,#2256,.T.);
#2254 = VERTEX_POINT('',#2255);
#2255 = CARTESIAN_POINT('',(-7.42264973081,-7.7,-1.));
#2256 = SURFACE_CURVE('',#2257,(#2261,#2268),.PCURVE_S1.);
#2257 = LINE('',#2258,#2259);
#2258 = CARTESIAN_POINT('',(-7.42264973081,-6.5,-1.));
#2259 = VECTOR('',#2260,1.);
#2260 = DIRECTION('',(0.,-1.,0.));
#2261 = PCURVE('',#2110,#2262);
#2262 = DEFINITIONAL_REPRESENTATION('',(#2263),#2267);
#2263 = LINE('',#2264,#2265);
#2264 = CARTESIAN_POINT('',(0.,0.));
#2265 = VECTOR('',#2266,1.);
#2266 = DIRECTION('',(0.,-1.));
#2267 = ( GEOMETRIC_REPRESENTATION_CONTEXT(2) 
PARAMETRIC_REPRESENTATION_CONTEXT() REPRESENTATION_CONTEXT('2D SPACE',''
  ) );
#2268 = PCURVE('',#2238,#2269);
#2269 = DEFINITIONAL_REPRESENTATION('',(#2270),#2274);
#2270 = LINE('',#2271,#2272);
#2271 = CARTESIAN_POINT('',(1.154700538379,0.));
#2272 = VECTOR('',#2273,1.);
#2273 = DIRECTION('',(0.,-1.));
#2274 = ( GEOMETRIC_REPRESENTATION_CONTEXT(2) 
PARAMETRIC_REPRESENTATION_CONTEXT() REPRESENTATION_CONTEXT('2D SPACE',''
  ) );
#2275 = ORIENTED_EDGE('',*,*,#2276,.T.);
#2276 = EDGE_CURVE('',#2254,#2277,#2279,.T.);
#2277 = VERTEX_POINT('',#2278);
#2278 = CARTESIAN_POINT('',(-6.845299461621,-7.7,0.));
#2279 = SURFACE_CURVE('',#2280,(#2284,#2291),.PCURVE_S1.);
#2280 = LINE('',#2281,#2282);
#2281 = CARTESIAN_POINT('',(-7.42264973081,-7.7,-1.));
#2282 = VECTOR('',#2283,1.);
#2283 = DIRECTION('',(0.5,0.,0.866025403784));
#2284 = PCURVE('',#2110,#2285);
#2285 = DEFINITIONAL_REPRESENTATION('',(#2286),#2290);
#2286 = LINE('',#2287,#2288);
#2287 = CARTESIAN_POINT('',(0.,-1.2));
#2288 = VECTOR('',#2289,1.);
#2289 = DIRECTION('',(1.,0.));
#2290 = ( GEOMETRIC_REPRESENTATION_CONTEXT(2) 
PARAMETRIC_REPRESENTATION_CONTEXT() REPRESENTATION_CONTEXT('2D SPACE',''
  ) );
#2291 = PCURVE('',#2292,#2297);
#2292 = PLANE('',#2293);
#2293 = AXIS2_PLACEMENT_3D('',#2294,#2295,#2296);
#2294 = CARTESIAN_POINT('',(-8.,-7.7,-3.204937810639E-17));
#2295 = DIRECTION('',(-0.,-1.,-0.));
#2296 = DIRECTION('',(0.,0.,-1.));
#2297 = DEFINITIONAL_REPRESENTATION('',(#2298),#2302);
#2298 = LINE('',#2299,#2300);
#2299 = CARTESIAN_POINT('',(1.,0.57735026919));
#2300 = VECTOR('',#2301,1.);
#2301 = DIRECTION('',(-0.866025403784,0.5));
#2302 = ( GEOMETRIC_REPRESENTATION_CONTEXT(2) 
PARAMETRIC_REPRESENTATION_CONTEXT() REPRESENTATION_CONTEXT('2D SPACE',''
  ) );
#2303 = ORIENTED_EDGE('',*,*,#2304,.F.);
#2304 = EDGE_CURVE('',#2096,#2277,#2305,.T.);
#2305 = SURFACE_CURVE('',#2306,(#2310,#2317),.PCURVE_S1.);
#2306 = LINE('',#2307,#2308);
#2307 = CARTESIAN_POINT('',(-6.845299461621,-6.5,0.));
#2308 = VECTOR('',#2309,1.);
#2309 = DIRECTION('',(0.,-1.,0.));
#2310 = PCURVE('',#2110,#2311);
#2311 = DEFINITIONAL_REPRESENTATION('',(#2312),#2316);
#2312 = LINE('',#2313,#2314);
#2313 = CARTESIAN_POINT('',(1.154700538379,0.));
#2314 = VECTOR('',#2315,1.);
#2315 = DIRECTION('',(0.,-1.));
#2316 = ( GEOMETRIC_REPRESENTATION_CONTEXT(2) 
PARAMETRIC_REPRESENTATION_CONTEXT() REPRESENTATION_CONTEXT('2D SPACE',''
  ) );
#2317 = PCURVE('',#2136,#2318);
#2318 = DEFINITIONAL_REPRESENTATION('',(#2319),#2323);
#2319 = LINE('',#2320,#2321);
#2320 = CARTESIAN_POINT('',(0.,0.));
#2321 = VECTOR('',#2322,1.);
#2322 = DIRECTION('',(0.,-1.));
#2323 = ( GEOMETRIC_REPRESENTATION_CONTEXT(2) 
PARAMETRIC_REPRESENTATION_CONTEXT() REPRESENTATION_CONTEXT('2D SPACE',''
  ) );
#2324 = ADVANCED_FACE('',(#2325),#2238,.T.);
#2325 = FACE_BOUND('',#2326,.T.);
#2326 = EDGE_LOOP('',(#2327,#2328,#2351,#2372));
#2327 = ORIENTED_EDGE('',*,*,#2225,.F.);
#2328 = ORIENTED_EDGE('',*,*,#2329,.T.);
#2329 = EDGE_CURVE('',#2200,#2330,#2332,.T.);
#2330 = VERTEX_POINT('',#2331);
#2331 = CARTESIAN_POINT('',(-8.57735026919,-7.7,-1.));
#2332 = SURFACE_CURVE('',#2333,(#2337,#2344),.PCURVE_S1.);
#2333 = LINE('',#2334,#2335);
#2334 = CARTESIAN_POINT('',(-8.57735026919,-6.5,-1.));
#2335 = VECTOR('',#2336,1.);
#2336 = DIRECTION('',(0.,-1.,0.));
#2337 = PCURVE('',#2238,#2338);
#2338 = DEFINITIONAL_REPRESENTATION('',(#2339),#2343);
#2339 = LINE('',#2340,#2341);
#2340 = CARTESIAN_POINT('',(0.,0.));
#2341 = VECTOR('',#2342,1.);
#2342 = DIRECTION('',(0.,-1.));
#2343 = ( GEOMETRIC_REPRESENTATION_CONTEXT(2) 
PARAMETRIC_REPRESENTATION_CONTEXT() REPRESENTATION_CONTEXT('2D SPACE',''
  ) );
#2344 = PCURVE('',#2214,#2345);
#2345 = DEFINITIONAL_REPRESENTATION('',(#2346),#2350);
#2346 = LINE('',#2347,#2348);
#2347 = CARTESIAN_POINT('',(1.154700538379,0.));
#2348 = VECTOR('',#2349,1.);
#2349 = DIRECTION('',(0.,-1.));
#2350 = ( GEOMETRIC_REPRESENTATION_CONTEXT(2) 
PARAMETRIC_REPRESENTATION_CONTEXT() REPRESENTATION_CONTEXT('2D SPACE',''
  ) );
#2351 = ORIENTED_EDGE('',*,*,#2352,.T.);
#2352 = EDGE_CURVE('',#2330,#2254,#2353,.T.);
#2353 = SURFACE_CURVE('',#2354,(#2358,#2365),.PCURVE_S1.);
#2354 = LINE('',#2355,#2356);
#2355 = CARTESIAN_POINT('',(-8.57735026919,-7.7,-1.));
#2356 = VECTOR('',#2357,1.);
#2357 = DIRECTION('',(1.,0.,-7.691850745534E-16));
#2358 = PCURVE('',#2238,#2359);
#2359 = DEFINITIONAL_REPRESENTATION('',(#2360),#2364);
#2360 = LINE('',#2361,#2362);
#2361 = CARTESIAN_POINT('',(0.,-1.2));
#2362 = VECTOR('',#2363,1.);
#2363 = DIRECTION('',(1.,0.));
#2364 = ( GEOMETRIC_REPRESENTATION_CONTEXT(2) 
PARAMETRIC_REPRESENTATION_CONTEXT() REPRESENTATION_CONTEXT('2D SPACE',''
  ) );
#2365 = PCURVE('',#2292,#2366);
#2366 = DEFINITIONAL_REPRESENTATION('',(#2367),#2371);
#2367 = LINE('',#2368,#2369);
#2368 = CARTESIAN_POINT('',(1.,-0.57735026919));
#2369 = VECTOR('',#2370,1.);
#2370 = DIRECTION('',(7.691850745534E-16,1.));
#2371 = ( GEOMETRIC_REPRESENTATION_CONTEXT(2) 
PARAMETRIC_REPRESENTATION_CONTEXT() REPRESENTATION_CONTEXT('2D SPACE',''
  ) );
#2372 = ORIENTED_EDGE('',*,*,#2253,.F.);
#2373 = ADVANCED_FACE('',(#2374),#2214,.T.);
#2374 = FACE_BOUND('',#2375,.T.);
#2375 = EDGE_LOOP('',(#2376,#2377,#2400,#2421));
#2376 = ORIENTED_EDGE('',*,*,#2199,.F.);
#2377 = ORIENTED_EDGE('',*,*,#2378,.T.);
#2378 = EDGE_CURVE('',#2174,#2379,#2381,.T.);
#2379 = VERTEX_POINT('',#2380);
#2380 = CARTESIAN_POINT('',(-9.154700538379,-7.7,1.4141003183E-16));
#2381 = SURFACE_CURVE('',#2382,(#2386,#2393),.PCURVE_S1.);
#2382 = LINE('',#2383,#2384);
#2383 = CARTESIAN_POINT('',(-9.154700538379,-6.5,1.4141003183E-16));
#2384 = VECTOR('',#2385,1.);
#2385 = DIRECTION('',(0.,-1.,0.));
#2386 = PCURVE('',#2214,#2387);
#2387 = DEFINITIONAL_REPRESENTATION('',(#2388),#2392);
#2388 = LINE('',#2389,#2390);
#2389 = CARTESIAN_POINT('',(0.,0.));
#2390 = VECTOR('',#2391,1.);
#2391 = DIRECTION('',(0.,-1.));
#2392 = ( GEOMETRIC_REPRESENTATION_CONTEXT(2) 
PARAMETRIC_REPRESENTATION_CONTEXT() REPRESENTATION_CONTEXT('2D SPACE',''
  ) );
#2393 = PCURVE('',#2188,#2394);
#2394 = DEFINITIONAL_REPRESENTATION('',(#2395),#2399);
#2395 = LINE('',#2396,#2397);
#2396 = CARTESIAN_POINT('',(1.154700538379,0.));
#2397 = VECTOR('',#2398,1.);
#2398 = DIRECTION('',(0.,-1.));
#2399 = ( GEOMETRIC_REPRESENTATION_CONTEXT(2) 
PARAMETRIC_REPRESENTATION_CONTEXT() REPRESENTATION_CONTEXT('2D SPACE',''
  ) );
#2400 = ORIENTED_EDGE('',*,*,#2401,.T.);
#2401 = EDGE_CURVE('',#2379,#2330,#2402,.T.);
#2402 = SURFACE_CURVE('',#2403,(#2407,#2414),.PCURVE_S1.);
#2403 = LINE('',#2404,#2405);
#2404 = CARTESIAN_POINT('',(-9.154700538379,-7.7,1.4141003183E-16));
#2405 = VECTOR('',#2406,1.);
#2406 = DIRECTION('',(0.5,0.,-0.866025403784));
#2407 = PCURVE('',#2214,#2408);
#2408 = DEFINITIONAL_REPRESENTATION('',(#2409),#2413);
#2409 = LINE('',#2410,#2411);
#2410 = CARTESIAN_POINT('',(0.,-1.2));
#2411 = VECTOR('',#2412,1.);
#2412 = DIRECTION('',(1.,0.));
#2413 = ( GEOMETRIC_REPRESENTATION_CONTEXT(2) 
PARAMETRIC_REPRESENTATION_CONTEXT() REPRESENTATION_CONTEXT('2D SPACE',''
  ) );
#2414 = PCURVE('',#2292,#2415);
#2415 = DEFINITIONAL_REPRESENTATION('',(#2416),#2420);
#2416 = LINE('',#2417,#2418);
#2417 = CARTESIAN_POINT('',(-1.734594099364E-16,-1.154700538379));
#2418 = VECTOR('',#2419,1.);
#2419 = DIRECTION('',(0.866025403784,0.5));
#2420 = ( GEOMETRIC_REPRESENTATION_CONTEXT(2) 
PARAMETRIC_REPRESENTATION_CONTEXT() REPRESENTATION_CONTEXT('2D SPACE',''
  ) );
#2421 = ORIENTED_EDGE('',*,*,#2329,.F.);
#2422 = ADVANCED_FACE('',(#2423),#2188,.T.);
#2423 = FACE_BOUND('',#2424,.T.);
#2424 = EDGE_LOOP('',(#2425,#2426,#2449,#2470));
#2425 = ORIENTED_EDGE('',*,*,#2173,.F.);
#2426 = ORIENTED_EDGE('',*,*,#2427,.T.);
#2427 = EDGE_CURVE('',#2148,#2428,#2430,.T.);
#2428 = VERTEX_POINT('',#2429);
#2429 = CARTESIAN_POINT('',(-8.57735026919,-7.7,1.));
#2430 = SURFACE_CURVE('',#2431,(#2435,#2442),.PCURVE_S1.);
#2431 = LINE('',#2432,#2433);
#2432 = CARTESIAN_POINT('',(-8.57735026919,-6.5,1.));
#2433 = VECTOR('',#2434,1.);
#2434 = DIRECTION('',(0.,-1.,0.));
#2435 = PCURVE('',#2188,#2436);
#2436 = DEFINITIONAL_REPRESENTATION('',(#2437),#2441);
#2437 = LINE('',#2438,#2439);
#2438 = CARTESIAN_POINT('',(-0.,0.));
#2439 = VECTOR('',#2440,1.);
#2440 = DIRECTION('',(0.,-1.));
#2441 = ( GEOMETRIC_REPRESENTATION_CONTEXT(2) 
PARAMETRIC_REPRESENTATION_CONTEXT() REPRESENTATION_CONTEXT('2D SPACE',''
  ) );
#2442 = PCURVE('',#2162,#2443);
#2443 = DEFINITIONAL_REPRESENTATION('',(#2444),#2448);
#2444 = LINE('',#2445,#2446);
#2445 = CARTESIAN_POINT('',(1.154700538379,0.));
#2446 = VECTOR('',#2447,1.);
#2447 = DIRECTION('',(0.,-1.));
#2448 = ( GEOMETRIC_REPRESENTATION_CONTEXT(2) 
PARAMETRIC_REPRESENTATION_CONTEXT() REPRESENTATION_CONTEXT('2D SPACE',''
  ) );
#2449 = ORIENTED_EDGE('',*,*,#2450,.T.);
#2450 = EDGE_CURVE('',#2428,#2379,#2451,.T.);
#2451 = SURFACE_CURVE('',#2452,(#2456,#2463),.PCURVE_S1.);
#2452 = LINE('',#2453,#2454);
#2453 = CARTESIAN_POINT('',(-8.57735026919,-7.7,1.));
#2454 = VECTOR('',#2455,1.);
#2455 = DIRECTION('',(-0.5,-0.,-0.866025403784));
#2456 = PCURVE('',#2188,#2457);
#2457 = DEFINITIONAL_REPRESENTATION('',(#2458),#2462);
#2458 = LINE('',#2459,#2460);
#2459 = CARTESIAN_POINT('',(0.,-1.2));
#2460 = VECTOR('',#2461,1.);
#2461 = DIRECTION('',(1.,0.));
#2462 = ( GEOMETRIC_REPRESENTATION_CONTEXT(2) 
PARAMETRIC_REPRESENTATION_CONTEXT() REPRESENTATION_CONTEXT('2D SPACE',''
  ) );
#2463 = PCURVE('',#2292,#2464);
#2464 = DEFINITIONAL_REPRESENTATION('',(#2465),#2469);
#2465 = LINE('',#2466,#2467);
#2466 = CARTESIAN_POINT('',(-1.,-0.57735026919));
#2467 = VECTOR('',#2468,1.);
#2468 = DIRECTION('',(0.866025403784,-0.5));
#2469 = ( GEOMETRIC_REPRESENTATION_CONTEXT(2) 
PARAMETRIC_REPRESENTATION_CONTEXT() REPRESENTATION_CONTEXT('2D SPACE',''
  ) );
#2470 = ORIENTED_EDGE('',*,*,#2378,.F.);
#2471 = ADVANCED_FACE('',(#2472),#2162,.T.);
#2472 = FACE_BOUND('',#2473,.T.);
#2473 = EDGE_LOOP('',(#2474,#2475,#2498,#2519));
#2474 = ORIENTED_EDGE('',*,*,#2147,.F.);
#2475 = ORIENTED_EDGE('',*,*,#2476,.T.);
#2476 = EDGE_CURVE('',#2122,#2477,#2479,.T.);
#2477 = VERTEX_POINT('',#2478);
#2478 = CARTESIAN_POINT('',(-7.42264973081,-7.7,1.));
#2479 = SURFACE_CURVE('',#2480,(#2484,#2491),.PCURVE_S1.);
#2480 = LINE('',#2481,#2482);
#2481 = CARTESIAN_POINT('',(-7.42264973081,-6.5,1.));
#2482 = VECTOR('',#2483,1.);
#2483 = DIRECTION('',(0.,-1.,0.));
#2484 = PCURVE('',#2162,#2485);
#2485 = DEFINITIONAL_REPRESENTATION('',(#2486),#2490);
#2486 = LINE('',#2487,#2488);
#2487 = CARTESIAN_POINT('',(0.,0.));
#2488 = VECTOR('',#2489,1.);
#2489 = DIRECTION('',(0.,-1.));
#2490 = ( GEOMETRIC_REPRESENTATION_CONTEXT(2) 
PARAMETRIC_REPRESENTATION_CONTEXT() REPRESENTATION_CONTEXT('2D SPACE',''
  ) );
#2491 = PCURVE('',#2136,#2492);
#2492 = DEFINITIONAL_REPRESENTATION('',(#2493),#2497);
#2493 = LINE('',#2494,#2495);
#2494 = CARTESIAN_POINT('',(1.154700538379,0.));
#2495 = VECTOR('',#2496,1.);
#2496 = DIRECTION('',(0.,-1.));
#2497 = ( GEOMETRIC_REPRESENTATION_CONTEXT(2) 
PARAMETRIC_REPRESENTATION_CONTEXT() REPRESENTATION_CONTEXT('2D SPACE',''
  ) );
#2498 = ORIENTED_EDGE('',*,*,#2499,.T.);
#2499 = EDGE_CURVE('',#2477,#2428,#2500,.T.);
#2500 = SURFACE_CURVE('',#2501,(#2505,#2512),.PCURVE_S1.);
#2501 = LINE('',#2502,#2503);
#2502 = CARTESIAN_POINT('',(-7.42264973081,-7.7,1.));
#2503 = VECTOR('',#2504,1.);
#2504 = DIRECTION('',(-1.,0.,1.922962686384E-16));
#2505 = PCURVE('',#2162,#2506);
#2506 = DEFINITIONAL_REPRESENTATION('',(#2507),#2511);
#2507 = LINE('',#2508,#2509);
#2508 = CARTESIAN_POINT('',(0.,-1.2));
#2509 = VECTOR('',#2510,1.);
#2510 = DIRECTION('',(1.,0.));
#2511 = ( GEOMETRIC_REPRESENTATION_CONTEXT(2) 
PARAMETRIC_REPRESENTATION_CONTEXT() REPRESENTATION_CONTEXT('2D SPACE',''
  ) );
#2512 = PCURVE('',#2292,#2513);
#2513 = DEFINITIONAL_REPRESENTATION('',(#2514),#2518);
#2514 = LINE('',#2515,#2516);
#2515 = CARTESIAN_POINT('',(-1.,0.57735026919));
#2516 = VECTOR('',#2517,1.);
#2517 = DIRECTION('',(-1.922962686384E-16,-1.));
#2518 = ( GEOMETRIC_REPRESENTATION_CONTEXT(2) 
PARAMETRIC_REPRESENTATION_CONTEXT() REPRESENTATION_CONTEXT('2D SPACE',''
  ) );
#2519 = ORIENTED_EDGE('',*,*,#2427,.F.);
#2520 = ADVANCED_FACE('',(#2521),#2136,.T.);
#2521 = FACE_BOUND('',#2522,.T.);
#2522 = EDGE_LOOP('',(#2523,#2524,#2525,#2546));
#2523 = ORIENTED_EDGE('',*,*,#2121,.F.);
#2524 = ORIENTED_EDGE('',*,*,#2304,.T.);
#2525 = ORIENTED_EDGE('',*,*,#2526,.T.);
#2526 = EDGE_CURVE('',#2277,#2477,#2527,.T.);
#2527 = SURFACE_CURVE('',#2528,(#2532,#2539),.PCURVE_S1.);
#2528 = LINE('',#2529,#2530);
#2529 = CARTESIAN_POINT('',(-6.845299461621,-7.7,0.));
#2530 = VECTOR('',#2531,1.);
#2531 = DIRECTION('',(-0.5,0.,0.866025403784));
#2532 = PCURVE('',#2136,#2533);
#2533 = DEFINITIONAL_REPRESENTATION('',(#2534),#2538);
#2534 = LINE('',#2535,#2536);
#2535 = CARTESIAN_POINT('',(0.,-1.2));
#2536 = VECTOR('',#2537,1.);
#2537 = DIRECTION('',(1.,0.));
#2538 = ( GEOMETRIC_REPRESENTATION_CONTEXT(2) 
PARAMETRIC_REPRESENTATION_CONTEXT() REPRESENTATION_CONTEXT('2D SPACE',''
  ) );
#2539 = PCURVE('',#2292,#2540);
#2540 = DEFINITIONAL_REPRESENTATION('',(#2541),#2545);
#2541 = LINE('',#2542,#2543);
#2542 = CARTESIAN_POINT('',(-3.204937810639E-17,1.154700538379));
#2543 = VECTOR('',#2544,1.);
#2544 = DIRECTION('',(-0.866025403784,-0.5));
#2545 = ( GEOMETRIC_REPRESENTATION_CONTEXT(2) 
PARAMETRIC_REPRESENTATION_CONTEXT() REPRESENTATION_CONTEXT('2D SPACE',''
  ) );
#2546 = ORIENTED_EDGE('',*,*,#2476,.F.);
#2547 = ADVANCED_FACE('',(#2548),#2292,.F.);
#2548 = FACE_BOUND('',#2549,.F.);
#2549 = EDGE_LOOP('',(#2550,#2551,#2552,#2553,#2554,#2555));
#2550 = ORIENTED_EDGE('',*,*,#2526,.T.);
#2551 = ORIENTED_EDGE('',*,*,#2499,.T.);
#2552 = ORIENTED_EDGE('',*,*,#2450,.T.);
#2553 = ORIENTED_EDGE('',*,*,#2401,.T.);
#2554 = ORIENTED_EDGE('',*,*,#2352,.T.);
#2555 = ORIENTED_EDGE('',*,*,#2276,.T.);
#2556 = ( GEOMETRIC_REPRESENTATION_CONTEXT(3) 
GLOBAL_UNCERTAINTY_ASSIGNED_CONTEXT((#2560)) 
GLOBAL_UNIT_ASSIGNED_CONTEXT((#2557,#2558,#2559)) REPRESENTATION_CONTEXT
('Context #1','3D Context with UNIT and UNCERTAINTY') );
#2557 = ( LENGTH_UNIT() NAMED_UNIT(*) SI_UNIT(.MILLI.,.METRE.) );
#2558 = ( NAMED_UNIT(*) PLANE_ANGLE_UNIT() SI_UNIT($,.RADIAN.) );
#2559 = ( NAMED_UNIT(*) SI_UNIT($,.STERADIAN.) SOLID_ANGLE_UNIT() );
#2560 = UNCERTAINTY_MEASURE_WITH_UNIT(LENGTH_MEASURE(1.E-07),#2557,
  'distance_accuracy_value','confusion accuracy');
#2561 = CONTEXT_DEPENDENT_SHAPE_REPRESENTATION(#2562,#2564);
#2562 = ( REPRESENTATION_RELATIONSHIP('','',#1937,#10) 
REPRESENTATION_RELATIONSHIP_WITH_TRANSFORMATION(#2563) 
SHAPE_REPRESENTATION_RELATIONSHIP() );
#2563 = ITEM_DEFINED_TRANSFORMATION('','',#11,#31);
#2564 = PRODUCT_DEFINITION_SHAPE('Placement','Placement of an item',
  #2565);
#2565 = NEXT_ASSEMBLY_USAGE_OCCURRENCE('5','C1-SCREW-1','',#5,#1932,$);
#2566 = PRODUCT_RELATED_PRODUCT_CATEGORY('part',$,(#1934));
#2567 = SHAPE_DEFINITION_REPRESENTATION(#2568,#2574);
#2568 = PRODUCT_DEFINITION_SHAPE('','',#2569);
#2569 = PRODUCT_DEFINITION('design','',#2570,#2573);
#2570 = PRODUCT_DEFINITION_FORMATION('','',#2571);
#2571 = PRODUCT('C1-SCREW-2','C1-SCREW-2','',(#2572));
#2572 = PRODUCT_CONTEXT('',#2,'mechanical');
#2573 = PRODUCT_DEFINITION_CONTEXT('part definition',#2,'design');
#2574 = ADVANCED_BREP_SHAPE_REPRESENTATION('',(#11,#2575),#3193);
#2575 = MANIFOLD_SOLID_BREP('',#2576);
#2576 = CLOSED_SHELL('',(#2577,#2664,#2719,#2723,#2885,#2961,#3010,#3059
    ,#3108,#3157,#3184));
#2577 = ADVANCED_FACE('',(#2578),#2591,.T.);
#2578 = FACE_BOUND('',#2579,.T.);
#2579 = EDGE_LOOP('',(#2580,#2613,#2636,#2663));
#2580 = ORIENTED_EDGE('',*,*,#2581,.F.);
#2581 = EDGE_CURVE('',#2582,#2582,#2584,.T.);
#2582 = VERTEX_POINT('',#2583);
#2583 = CARTESIAN_POINT('',(8.,-8.1,1.5));
#2584 = SURFACE_CURVE('',#2585,(#2590,#2602),.PCURVE_S1.);
#2585 = CIRCLE('',#2586,1.5);
#2586 = AXIS2_PLACEMENT_3D('',#2587,#2588,#2589);
#2587 = CARTESIAN_POINT('',(8.,-8.1,0.));
#2588 = DIRECTION('',(0.,1.,0.));
#2589 = DIRECTION('',(0.,-0.,1.));
#2590 = PCURVE('',#2591,#2596);
#2591 = CYLINDRICAL_SURFACE('',#2592,1.5);
#2592 = AXIS2_PLACEMENT_3D('',#2593,#2594,#2595);
#2593 = CARTESIAN_POINT('',(8.,-12.3,0.));
#2594 = DIRECTION('',(0.,1.,0.));
#2595 = DIRECTION('',(0.,-0.,1.));
#2596 = DEFINITIONAL_REPRESENTATION('',(#2597),#2601);
#2597 = LINE('',#2598,#2599);
#2598 = CARTESIAN_POINT('',(0.,4.2));
#2599 = VECTOR('',#2600,1.);
#2600 = DIRECTION('',(1.,0.));
#2601 = ( GEOMETRIC_REPRESENTATION_CONTEXT(2) 
PARAMETRIC_REPRESENTATION_CONTEXT() REPRESENTATION_CONTEXT('2D SPACE',''
  ) );
#2602 = PCURVE('',#2603,#2608);
#2603 = CONICAL_SURFACE('',#2604,1.5,0.785398163397);
#2604 = AXIS2_PLACEMENT_3D('',#2605,#2606,#2607);
#2605 = CARTESIAN_POINT('',(8.,-8.1,0.));
#2606 = DIRECTION('',(0.,1.,0.));
#2607 = DIRECTION('',(0.,-0.,1.));
#2608 = DEFINITIONAL_REPRESENTATION('',(#2609),#2612);
#2609 = B_SPLINE_CURVE_WITH_KNOTS('',1,(#2610,#2611),.UNSPECIFIED.,.F.,
  .F.,(2,2),(0.,6.28318530718),.PIECEWISE_BEZIER_KNOTS.);
#2610 = CARTESIAN_POINT('',(0.,0.));
#2611 = CARTESIAN_POINT('',(6.28318530718,0.));
#2612 = ( GEOMETRIC_REPRESENTATION_CONTEXT(2) 
PARAMETRIC_REPRESENTATION_CONTEXT() REPRESENTATION_CONTEXT('2D SPACE',''
  ) );
#2613 = ORIENTED_EDGE('',*,*,#2614,.F.);
#2614 = EDGE_CURVE('',#2615,#2582,#2617,.T.);
#2615 = VERTEX_POINT('',#2616);
#2616 = CARTESIAN_POINT('',(8.,-12.3,1.5));
#2617 = SEAM_CURVE('',#2618,(#2622,#2629),.PCURVE_S1.);
#2618 = LINE('',#2619,#2620);
#2619 = CARTESIAN_POINT('',(8.,-12.3,1.5));
#2620 = VECTOR('',#2621,1.);
#2621 = DIRECTION('',(0.,1.,0.));
#2622 = PCURVE('',#2591,#2623);
#2623 = DEFINITIONAL_REPRESENTATION('',(#2624),#2628);
#2624 = LINE('',#2625,#2626);
#2625 = CARTESIAN_POINT('',(6.28318530718,-0.));
#2626 = VECTOR('',#2627,1.);
#2627 = DIRECTION('',(0.,1.));
#2628 = ( GEOMETRIC_REPRESENTATION_CONTEXT(2) 
PARAMETRIC_REPRESENTATION_CONTEXT() REPRESENTATION_CONTEXT('2D SPACE',''
  ) );
#2629 = PCURVE('',#2591,#2630);
#2630 = DEFINITIONAL_REPRESENTATION('',(#2631),#2635);
#2631 = LINE('',#2632,#2633);
#2632 = CARTESIAN_POINT('',(0.,-0.));
#2633 = VECTOR('',#2634,1.);
#2634 = DIRECTION('',(0.,1.));
#2635 = ( GEOMETRIC_REPRESENTATION_CONTEXT(2) 
PARAMETRIC_REPRESENTATION_CONTEXT() REPRESENTATION_CONTEXT('2D SPACE',''
  ) );
#2636 = ORIENTED_EDGE('',*,*,#2637,.T.);
#2637 = EDGE_CURVE('',#2615,#2615,#2638,.T.);
#2638 = SURFACE_CURVE('',#2639,(#2644,#2651),.PCURVE_S1.);
#2639 = CIRCLE('',#2640,1.5);
#2640 = AXIS2_PLACEMENT_3D('',#2641,#2642,#2643);
#2641 = CARTESIAN_POINT('',(8.,-12.3,0.));
#2642 = DIRECTION('',(0.,1.,0.));
#2643 = DIRECTION('',(0.,-0.,1.));
#2644 = PCURVE('',#2591,#2645);
#2645 = DEFINITIONAL_REPRESENTATION('',(#2646),#2650);
#2646 = LINE('',#2647,#2648);
#2647 = CARTESIAN_POINT('',(0.,0.));
#2648 = VECTOR('',#2649,1.);
#2649 = DIRECTION('',(1.,0.));
#2650 = ( GEOMETRIC_REPRESENTATION_CONTEXT(2) 
PARAMETRIC_REPRESENTATION_CONTEXT() REPRESENTATION_CONTEXT('2D SPACE',''
  ) );
#2651 = PCURVE('',#2652,#2657);
#2652 = PLANE('',#2653);
#2653 = AXIS2_PLACEMENT_3D('',#2654,#2655,#2656);
#2654 = CARTESIAN_POINT('',(8.,-12.3,0.));
#2655 = DIRECTION('',(0.,1.,0.));
#2656 = DIRECTION('',(0.,-0.,1.));
#2657 = DEFINITIONAL_REPRESENTATION('',(#2658),#2662);
#2658 = CIRCLE('',#2659,1.5);
#2659 = AXIS2_PLACEMENT_2D('',#2660,#2661);
#2660 = CARTESIAN_POINT('',(0.,0.));
#2661 = DIRECTION('',(1.,0.));
#2662 = ( GEOMETRIC_REPRESENTATION_CONTEXT(2) 
PARAMETRIC_REPRESENTATION_CONTEXT() REPRESENTATION_CONTEXT('2D SPACE',''
  ) );
#2663 = ORIENTED_EDGE('',*,*,#2614,.T.);
#2664 = ADVANCED_FACE('',(#2665),#2603,.T.);
#2665 = FACE_BOUND('',#2666,.T.);
#2666 = EDGE_LOOP('',(#2667,#2696,#2717,#2718));
#2667 = ORIENTED_EDGE('',*,*,#2668,.F.);
#2668 = EDGE_CURVE('',#2669,#2669,#2671,.T.);
#2669 = VERTEX_POINT('',#2670);
#2670 = CARTESIAN_POINT('',(8.,-6.6,3.));
#2671 = SURFACE_CURVE('',#2672,(#2677,#2684),.PCURVE_S1.);
#2672 = CIRCLE('',#2673,3.);
#2673 = AXIS2_PLACEMENT_3D('',#2674,#2675,#2676);
#2674 = CARTESIAN_POINT('',(8.,-6.6,0.));
#2675 = DIRECTION('',(0.,1.,0.));
#2676 = DIRECTION('',(0.,-0.,1.));
#2677 = PCURVE('',#2603,#2678);
#2678 = DEFINITIONAL_REPRESENTATION('',(#2679),#2683);
#2679 = LINE('',#2680,#2681);
#2680 = CARTESIAN_POINT('',(0.,1.5));
#2681 = VECTOR('',#2682,1.);
#2682 = DIRECTION('',(1.,0.));
#2683 = ( GEOMETRIC_REPRESENTATION_CONTEXT(2) 
PARAMETRIC_REPRESENTATION_CONTEXT() REPRESENTATION_CONTEXT('2D SPACE',''
  ) );
#2684 = PCURVE('',#2685,#2690);
#2685 = PLANE('',#2686);
#2686 = AXIS2_PLACEMENT_3D('',#2687,#2688,#2689);
#2687 = CARTESIAN_POINT('',(8.,-6.6,0.));
#2688 = DIRECTION('',(0.,1.,0.));
#2689 = DIRECTION('',(0.,-0.,1.));
#2690 = DEFINITIONAL_REPRESENTATION('',(#2691),#2695);
#2691 = CIRCLE('',#2692,3.);
#2692 = AXIS2_PLACEMENT_2D('',#2693,#2694);
#2693 = CARTESIAN_POINT('',(0.,0.));
#2694 = DIRECTION('',(1.,0.));
#2695 = ( GEOMETRIC_REPRESENTATION_CONTEXT(2) 
PARAMETRIC_REPRESENTATION_CONTEXT() REPRESENTATION_CONTEXT('2D SPACE',''
  ) );
#2696 = ORIENTED_EDGE('',*,*,#2697,.F.);
#2697 = EDGE_CURVE('',#2582,#2669,#2698,.T.);
#2698 = SEAM_CURVE('',#2699,(#2703,#2710),.PCURVE_S1.);
#2699 = LINE('',#2700,#2701);
#2700 = CARTESIAN_POINT('',(8.,-8.1,1.5));
#2701 = VECTOR('',#2702,1.);
#2702 = DIRECTION('',(-1.731912112471E-16,0.707106781187,0.707106781187)
  );
#2703 = PCURVE('',#2603,#2704);
#2704 = DEFINITIONAL_REPRESENTATION('',(#2705),#2709);
#2705 = LINE('',#2706,#2707);
#2706 = CARTESIAN_POINT('',(6.28318530718,-0.));
#2707 = VECTOR('',#2708,1.);
#2708 = DIRECTION('',(0.,1.));
#2709 = ( GEOMETRIC_REPRESENTATION_CONTEXT(2) 
PARAMETRIC_REPRESENTATION_CONTEXT() REPRESENTATION_CONTEXT('2D SPACE',''
  ) );
#2710 = PCURVE('',#2603,#2711);
#2711 = DEFINITIONAL_REPRESENTATION('',(#2712),#2716);
#2712 = LINE('',#2713,#2714);
#2713 = CARTESIAN_POINT('',(0.,-0.));
#2714 = VECTOR('',#2715,1.);
#2715 = DIRECTION('',(0.,1.));
#2716 = ( GEOMETRIC_REPRESENTATION_CONTEXT(2) 
PARAMETRIC_REPRESENTATION_CONTEXT() REPRESENTATION_CONTEXT('2D SPACE',''
  ) );
#2717 = ORIENTED_EDGE('',*,*,#2581,.T.);
#2718 = ORIENTED_EDGE('',*,*,#2697,.T.);
#2719 = ADVANCED_FACE('',(#2720),#2652,.F.);
#2720 = FACE_BOUND('',#2721,.T.);
#2721 = EDGE_LOOP('',(#2722));
#2722 = ORIENTED_EDGE('',*,*,#2637,.F.);
#2723 = ADVANCED_FACE('',(#2724,#2727),#2685,.T.);
#2724 = FACE_BOUND('',#2725,.T.);
#2725 = EDGE_LOOP('',(#2726));
#2726 = ORIENTED_EDGE('',*,*,#2668,.T.);
#2727 = FACE_BOUND('',#2728,.T.);
#2728 = EDGE_LOOP('',(#2729,#2757,#2783,#2809,#2835,#2861));
#2729 = ORIENTED_EDGE('',*,*,#2730,.T.);
#2730 = EDGE_CURVE('',#2731,#2733,#2735,.T.);
#2731 = VERTEX_POINT('',#2732);
#2732 = CARTESIAN_POINT('',(8.57735026919,-6.6,-1.));
#2733 = VERTEX_POINT('',#2734);
#2734 = CARTESIAN_POINT('',(9.154700538379,-6.6,0.));
#2735 = SURFACE_CURVE('',#2736,(#2740,#2746),.PCURVE_S1.);
#2736 = LINE('',#2737,#2738);
#2737 = CARTESIAN_POINT('',(8.721687836487,-6.6,-0.75));
#2738 = VECTOR('',#2739,1.);
#2739 = DIRECTION('',(0.5,-0.,0.866025403784));
#2740 = PCURVE('',#2685,#2741);
#2741 = DEFINITIONAL_REPRESENTATION('',(#2742),#2745);
#2742 = B_SPLINE_CURVE_WITH_KNOTS('',1,(#2743,#2744),.UNSPECIFIED.,.F.,
  .F.,(2,2),(-0.288675134595,0.866025403784),.PIECEWISE_BEZIER_KNOTS.);
#2743 = CARTESIAN_POINT('',(-1.,0.57735026919));
#2744 = CARTESIAN_POINT('',(0.,1.154700538379));
#2745 = ( GEOMETRIC_REPRESENTATION_CONTEXT(2) 
PARAMETRIC_REPRESENTATION_CONTEXT() REPRESENTATION_CONTEXT('2D SPACE',''
  ) );
#2746 = PCURVE('',#2747,#2752);
#2747 = PLANE('',#2748);
#2748 = AXIS2_PLACEMENT_3D('',#2749,#2750,#2751);
#2749 = CARTESIAN_POINT('',(8.57735026919,-6.5,-1.));
#2750 = DIRECTION('',(-0.866025403784,0.,0.5));
#2751 = DIRECTION('',(0.5,0.,0.866025403784));
#2752 = DEFINITIONAL_REPRESENTATION('',(#2753),#2756);
#2753 = B_SPLINE_CURVE_WITH_KNOTS('',1,(#2754,#2755),.UNSPECIFIED.,.F.,
  .F.,(2,2),(-0.288675134595,0.866025403784),.PIECEWISE_BEZIER_KNOTS.);
#2754 = CARTESIAN_POINT('',(0.,-1.E-01));
#2755 = CARTESIAN_POINT('',(1.154700538379,-1.E-01));
#2756 = ( GEOMETRIC_REPRESENTATION_CONTEXT(2) 
PARAMETRIC_REPRESENTATION_CONTEXT() REPRESENTATION_CONTEXT('2D SPACE',''
  ) );
#2757 = ORIENTED_EDGE('',*,*,#2758,.T.);
#2758 = EDGE_CURVE('',#2733,#2759,#2761,.T.);
#2759 = VERTEX_POINT('',#2760);
#2760 = CARTESIAN_POINT('',(8.57735026919,-6.6,1.));
#2761 = SURFACE_CURVE('',#2762,(#2766,#2772),.PCURVE_S1.);
#2762 = LINE('',#2763,#2764);
#2763 = CARTESIAN_POINT('',(9.010362971082,-6.6,0.25));
#2764 = VECTOR('',#2765,1.);
#2765 = DIRECTION('',(-0.5,0.,0.866025403784));
#2766 = PCURVE('',#2685,#2767);
#2767 = DEFINITIONAL_REPRESENTATION('',(#2768),#2771);
#2768 = B_SPLINE_CURVE_WITH_KNOTS('',1,(#2769,#2770),.UNSPECIFIED.,.F.,
  .F.,(2,2),(-0.288675134595,0.866025403784),.PIECEWISE_BEZIER_KNOTS.);
#2769 = CARTESIAN_POINT('',(3.608224830032E-16,1.154700538379));
#2770 = CARTESIAN_POINT('',(1.,0.57735026919));
#2771 = ( GEOMETRIC_REPRESENTATION_CONTEXT(2) 
PARAMETRIC_REPRESENTATION_CONTEXT() REPRESENTATION_CONTEXT('2D SPACE',''
  ) );
#2772 = PCURVE('',#2773,#2778);
#2773 = PLANE('',#2774);
#2774 = AXIS2_PLACEMENT_3D('',#2775,#2776,#2777);
#2775 = CARTESIAN_POINT('',(9.154700538379,-6.5,0.));
#2776 = DIRECTION('',(-0.866025403784,-0.,-0.5));
#2777 = DIRECTION('',(-0.5,0.,0.866025403784));
#2778 = DEFINITIONAL_REPRESENTATION('',(#2779),#2782);
#2779 = B_SPLINE_CURVE_WITH_KNOTS('',1,(#2780,#2781),.UNSPECIFIED.,.F.,
  .F.,(2,2),(-0.288675134595,0.866025403784),.PIECEWISE_BEZIER_KNOTS.);
#2780 = CARTESIAN_POINT('',(0.,-1.E-01));
#2781 = CARTESIAN_POINT('',(1.154700538379,-1.E-01));
#2782 = ( GEOMETRIC_REPRESENTATION_CONTEXT(2) 
PARAMETRIC_REPRESENTATION_CONTEXT() REPRESENTATION_CONTEXT('2D SPACE',''
  ) );
#2783 = ORIENTED_EDGE('',*,*,#2784,.T.);
#2784 = EDGE_CURVE('',#2759,#2785,#2787,.T.);
#2785 = VERTEX_POINT('',#2786);
#2786 = CARTESIAN_POINT('',(7.42264973081,-6.6,1.));
#2787 = SURFACE_CURVE('',#2788,(#2792,#2798),.PCURVE_S1.);
#2788 = LINE('',#2789,#2790);
#2789 = CARTESIAN_POINT('',(8.288675134595,-6.6,1.));
#2790 = VECTOR('',#2791,1.);
#2791 = DIRECTION('',(-1.,0.,1.922962686384E-16));
#2792 = PCURVE('',#2685,#2793);
#2793 = DEFINITIONAL_REPRESENTATION('',(#2794),#2797);
#2794 = B_SPLINE_CURVE_WITH_KNOTS('',1,(#2795,#2796),.UNSPECIFIED.,.F.,
  .F.,(2,2),(-0.288675134595,0.866025403784),.PIECEWISE_BEZIER_KNOTS.);
#2795 = CARTESIAN_POINT('',(1.,0.57735026919));
#2796 = CARTESIAN_POINT('',(1.,-0.57735026919));
#2797 = ( GEOMETRIC_REPRESENTATION_CONTEXT(2) 
PARAMETRIC_REPRESENTATION_CONTEXT() REPRESENTATION_CONTEXT('2D SPACE',''
  ) );
#2798 = PCURVE('',#2799,#2804);
#2799 = PLANE('',#2800);
#2800 = AXIS2_PLACEMENT_3D('',#2801,#2802,#2803);
#2801 = CARTESIAN_POINT('',(8.57735026919,-6.5,1.));
#2802 = DIRECTION('',(-1.922962686384E-16,-0.,-1.));
#2803 = DIRECTION('',(-1.,0.,1.922962686384E-16));
#2804 = DEFINITIONAL_REPRESENTATION('',(#2805),#2808);
#2805 = B_SPLINE_CURVE_WITH_KNOTS('',1,(#2806,#2807),.UNSPECIFIED.,.F.,
  .F.,(2,2),(-0.288675134595,0.866025403784),.PIECEWISE_BEZIER_KNOTS.);
#2806 = CARTESIAN_POINT('',(0.,-1.E-01));
#2807 = CARTESIAN_POINT('',(1.154700538379,-1.E-01));
#2808 = ( GEOMETRIC_REPRESENTATION_CONTEXT(2) 
PARAMETRIC_REPRESENTATION_CONTEXT() REPRESENTATION_CONTEXT('2D SPACE',''
  ) );
#2809 = ORIENTED_EDGE('',*,*,#2810,.T.);
#2810 = EDGE_CURVE('',#2785,#2811,#2813,.T.);
#2811 = VERTEX_POINT('',#2812);
#2812 = CARTESIAN_POINT('',(6.845299461621,-6.6,1.4141003183E-16));
#2813 = SURFACE_CURVE('',#2814,(#2818,#2824),.PCURVE_S1.);
#2814 = LINE('',#2815,#2816);
#2815 = CARTESIAN_POINT('',(7.278312163513,-6.6,0.75));
#2816 = VECTOR('',#2817,1.);
#2817 = DIRECTION('',(-0.5,0.,-0.866025403784));
#2818 = PCURVE('',#2685,#2819);
#2819 = DEFINITIONAL_REPRESENTATION('',(#2820),#2823);
#2820 = B_SPLINE_CURVE_WITH_KNOTS('',1,(#2821,#2822),.UNSPECIFIED.,.F.,
  .F.,(2,2),(-0.288675134595,0.866025403784),.PIECEWISE_BEZIER_KNOTS.);
#2821 = CARTESIAN_POINT('',(1.,-0.57735026919));
#2822 = CARTESIAN_POINT('',(1.110223024625E-16,-1.154700538379));
#2823 = ( GEOMETRIC_REPRESENTATION_CONTEXT(2) 
PARAMETRIC_REPRESENTATION_CONTEXT() REPRESENTATION_CONTEXT('2D SPACE',''
  ) );
#2824 = PCURVE('',#2825,#2830);
#2825 = PLANE('',#2826);
#2826 = AXIS2_PLACEMENT_3D('',#2827,#2828,#2829);
#2827 = CARTESIAN_POINT('',(7.42264973081,-6.5,1.));
#2828 = DIRECTION('',(0.866025403784,0.,-0.5));
#2829 = DIRECTION('',(-0.5,-0.,-0.866025403784));
#2830 = DEFINITIONAL_REPRESENTATION('',(#2831),#2834);
#2831 = B_SPLINE_CURVE_WITH_KNOTS('',1,(#2832,#2833),.UNSPECIFIED.,.F.,
  .F.,(2,2),(-0.288675134595,0.866025403784),.PIECEWISE_BEZIER_KNOTS.);
#2832 = CARTESIAN_POINT('',(0.,-1.E-01));
#2833 = CARTESIAN_POINT('',(1.154700538379,-1.E-01));
#2834 = ( GEOMETRIC_REPRESENTATION_CONTEXT(2) 
PARAMETRIC_REPRESENTATION_CONTEXT() REPRESENTATION_CONTEXT('2D SPACE',''
  ) );
#2835 = ORIENTED_EDGE('',*,*,#2836,.T.);
#2836 = EDGE_CURVE('',#2811,#2837,#2839,.T.);
#2837 = VERTEX_POINT('',#2838);
#2838 = CARTESIAN_POINT('',(7.42264973081,-6.6,-1.));
#2839 = SURFACE_CURVE('',#2840,(#2844,#2850),.PCURVE_S1.);
#2840 = LINE('',#2841,#2842);
#2841 = CARTESIAN_POINT('',(6.989637028918,-6.6,-0.25));
#2842 = VECTOR('',#2843,1.);
#2843 = DIRECTION('',(0.5,0.,-0.866025403784));
#2844 = PCURVE('',#2685,#2845);
#2845 = DEFINITIONAL_REPRESENTATION('',(#2846),#2849);
#2846 = B_SPLINE_CURVE_WITH_KNOTS('',1,(#2847,#2848),.UNSPECIFIED.,.F.,
  .F.,(2,2),(-0.288675134595,0.866025403784),.PIECEWISE_BEZIER_KNOTS.);
#2847 = CARTESIAN_POINT('',(2.775557561563E-16,-1.154700538379));
#2848 = CARTESIAN_POINT('',(-1.,-0.57735026919));
#2849 = ( GEOMETRIC_REPRESENTATION_CONTEXT(2) 
PARAMETRIC_REPRESENTATION_CONTEXT() REPRESENTATION_CONTEXT('2D SPACE',''
  ) );
#2850 = PCURVE('',#2851,#2856);
#2851 = PLANE('',#2852);
#2852 = AXIS2_PLACEMENT_3D('',#2853,#2854,#2855);
#2853 = CARTESIAN_POINT('',(6.845299461621,-6.5,1.4141003183E-16));
#2854 = DIRECTION('',(0.866025403784,0.,0.5));
#2855 = DIRECTION('',(0.5,0.,-0.866025403784));
#2856 = DEFINITIONAL_REPRESENTATION('',(#2857),#2860);
#2857 = B_SPLINE_CURVE_WITH_KNOTS('',1,(#2858,#2859),.UNSPECIFIED.,.F.,
  .F.,(2,2),(-0.288675134595,0.866025403784),.PIECEWISE_BEZIER_KNOTS.);
#2858 = CARTESIAN_POINT('',(0.,-1.E-01));
#2859 = CARTESIAN_POINT('',(1.154700538379,-1.E-01));
#2860 = ( GEOMETRIC_REPRESENTATION_CONTEXT(2) 
PARAMETRIC_REPRESENTATION_CONTEXT() REPRESENTATION_CONTEXT('2D SPACE',''
  ) );
#2861 = ORIENTED_EDGE('',*,*,#2862,.T.);
#2862 = EDGE_CURVE('',#2837,#2731,#2863,.T.);
#2863 = SURFACE_CURVE('',#2864,(#2868,#2874),.PCURVE_S1.);
#2864 = LINE('',#2865,#2866);
#2865 = CARTESIAN_POINT('',(7.711324865405,-6.6,-1.));
#2866 = VECTOR('',#2867,1.);
#2867 = DIRECTION('',(1.,0.,-7.691850745534E-16));
#2868 = PCURVE('',#2685,#2869);
#2869 = DEFINITIONAL_REPRESENTATION('',(#2870),#2873);
#2870 = B_SPLINE_CURVE_WITH_KNOTS('',1,(#2871,#2872),.UNSPECIFIED.,.F.,
  .F.,(2,2),(-0.288675134595,0.866025403784),.PIECEWISE_BEZIER_KNOTS.);
#2871 = CARTESIAN_POINT('',(-1.,-0.57735026919));
#2872 = CARTESIAN_POINT('',(-1.,0.57735026919));
#2873 = ( GEOMETRIC_REPRESENTATION_CONTEXT(2) 
PARAMETRIC_REPRESENTATION_CONTEXT() REPRESENTATION_CONTEXT('2D SPACE',''
  ) );
#2874 = PCURVE('',#2875,#2880);
#2875 = PLANE('',#2876);
#2876 = AXIS2_PLACEMENT_3D('',#2877,#2878,#2879);
#2877 = CARTESIAN_POINT('',(7.42264973081,-6.5,-1.));
#2878 = DIRECTION('',(7.691850745534E-16,0.,1.));
#2879 = DIRECTION('',(1.,0.,-7.691850745534E-16));
#2880 = DEFINITIONAL_REPRESENTATION('',(#2881),#2884);
#2881 = B_SPLINE_CURVE_WITH_KNOTS('',1,(#2882,#2883),.UNSPECIFIED.,.F.,
  .F.,(2,2),(-0.288675134595,0.866025403784),.PIECEWISE_BEZIER_KNOTS.);
#2882 = CARTESIAN_POINT('',(0.,-1.E-01));
#2883 = CARTESIAN_POINT('',(1.154700538379,-1.E-01));
#2884 = ( GEOMETRIC_REPRESENTATION_CONTEXT(2) 
PARAMETRIC_REPRESENTATION_CONTEXT() REPRESENTATION_CONTEXT('2D SPACE',''
  ) );
#2885 = ADVANCED_FACE('',(#2886),#2747,.T.);
#2886 = FACE_BOUND('',#2887,.T.);
#2887 = EDGE_LOOP('',(#2888,#2889,#2912,#2940));
#2888 = ORIENTED_EDGE('',*,*,#2730,.F.);
#2889 = ORIENTED_EDGE('',*,*,#2890,.T.);
#2890 = EDGE_CURVE('',#2731,#2891,#2893,.T.);
#2891 = VERTEX_POINT('',#2892);
#2892 = CARTESIAN_POINT('',(8.57735026919,-7.7,-1.));
#2893 = SURFACE_CURVE('',#2894,(#2898,#2905),.PCURVE_S1.);
#2894 = LINE('',#2895,#2896);
#2895 = CARTESIAN_POINT('',(8.57735026919,-6.5,-1.));
#2896 = VECTOR('',#2897,1.);
#2897 = DIRECTION('',(0.,-1.,0.));
#2898 = PCURVE('',#2747,#2899);
#2899 = DEFINITIONAL_REPRESENTATION('',(#2900),#2904);
#2900 = LINE('',#2901,#2902);
#2901 = CARTESIAN_POINT('',(0.,0.));
#2902 = VECTOR('',#2903,1.);
#2903 = DIRECTION('',(0.,-1.));
#2904 = ( GEOMETRIC_REPRESENTATION_CONTEXT(2) 
PARAMETRIC_REPRESENTATION_CONTEXT() REPRESENTATION_CONTEXT('2D SPACE',''
  ) );
#2905 = PCURVE('',#2875,#2906);
#2906 = DEFINITIONAL_REPRESENTATION('',(#2907),#2911);
#2907 = LINE('',#2908,#2909);
#2908 = CARTESIAN_POINT('',(1.154700538379,0.));
#2909 = VECTOR('',#2910,1.);
#2910 = DIRECTION('',(0.,-1.));
#2911 = ( GEOMETRIC_REPRESENTATION_CONTEXT(2) 
PARAMETRIC_REPRESENTATION_CONTEXT() REPRESENTATION_CONTEXT('2D SPACE',''
  ) );
#2912 = ORIENTED_EDGE('',*,*,#2913,.T.);
#2913 = EDGE_CURVE('',#2891,#2914,#2916,.T.);
#2914 = VERTEX_POINT('',#2915);
#2915 = CARTESIAN_POINT('',(9.154700538379,-7.7,0.));
#2916 = SURFACE_CURVE('',#2917,(#2921,#2928),.PCURVE_S1.);
#2917 = LINE('',#2918,#2919);
#2918 = CARTESIAN_POINT('',(8.57735026919,-7.7,-1.));
#2919 = VECTOR('',#2920,1.);
#2920 = DIRECTION('',(0.5,0.,0.866025403784));
#2921 = PCURVE('',#2747,#2922);
#2922 = DEFINITIONAL_REPRESENTATION('',(#2923),#2927);
#2923 = LINE('',#2924,#2925);
#2924 = CARTESIAN_POINT('',(0.,-1.2));
#2925 = VECTOR('',#2926,1.);
#2926 = DIRECTION('',(1.,0.));
#2927 = ( GEOMETRIC_REPRESENTATION_CONTEXT(2) 
PARAMETRIC_REPRESENTATION_CONTEXT() REPRESENTATION_CONTEXT('2D SPACE',''
  ) );
#2928 = PCURVE('',#2929,#2934);
#2929 = PLANE('',#2930);
#2930 = AXIS2_PLACEMENT_3D('',#2931,#2932,#2933);
#2931 = CARTESIAN_POINT('',(8.,-7.7,-3.204937810639E-17));
#2932 = DIRECTION('',(-0.,-1.,-0.));
#2933 = DIRECTION('',(0.,0.,-1.));
#2934 = DEFINITIONAL_REPRESENTATION('',(#2935),#2939);
#2935 = LINE('',#2936,#2937);
#2936 = CARTESIAN_POINT('',(1.,0.57735026919));
#2937 = VECTOR('',#2938,1.);
#2938 = DIRECTION('',(-0.866025403784,0.5));
#2939 = ( GEOMETRIC_REPRESENTATION_CONTEXT(2) 
PARAMETRIC_REPRESENTATION_CONTEXT() REPRESENTATION_CONTEXT('2D SPACE',''
  ) );
#2940 = ORIENTED_EDGE('',*,*,#2941,.F.);
#2941 = EDGE_CURVE('',#2733,#2914,#2942,.T.);
#2942 = SURFACE_CURVE('',#2943,(#2947,#2954),.PCURVE_S1.);
#2943 = LINE('',#2944,#2945);
#2944 = CARTESIAN_POINT('',(9.154700538379,-6.5,0.));
#2945 = VECTOR('',#2946,1.);
#2946 = DIRECTION('',(0.,-1.,0.));
#2947 = PCURVE('',#2747,#2948);
#2948 = DEFINITIONAL_REPRESENTATION('',(#2949),#2953);
#2949 = LINE('',#2950,#2951);
#2950 = CARTESIAN_POINT('',(1.154700538379,0.));
#2951 = VECTOR('',#2952,1.);
#2952 = DIRECTION('',(0.,-1.));
#2953 = ( GEOMETRIC_REPRESENTATION_CONTEXT(2) 
PARAMETRIC_REPRESENTATION_CONTEXT() REPRESENTATION_CONTEXT('2D SPACE',''
  ) );
#2954 = PCURVE('',#2773,#2955);
#2955 = DEFINITIONAL_REPRESENTATION('',(#2956),#2960);
#2956 = LINE('',#2957,#2958);
#2957 = CARTESIAN_POINT('',(0.,0.));
#2958 = VECTOR('',#2959,1.);
#2959 = DIRECTION('',(0.,-1.));
#2960 = ( GEOMETRIC_REPRESENTATION_CONTEXT(2) 
PARAMETRIC_REPRESENTATION_CONTEXT() REPRESENTATION_CONTEXT('2D SPACE',''
  ) );
#2961 = ADVANCED_FACE('',(#2962),#2875,.T.);
#2962 = FACE_BOUND('',#2963,.T.);
#2963 = EDGE_LOOP('',(#2964,#2965,#2988,#3009));
#2964 = ORIENTED_EDGE('',*,*,#2862,.F.);
#2965 = ORIENTED_EDGE('',*,*,#2966,.T.);
#2966 = EDGE_CURVE('',#2837,#2967,#2969,.T.);
#2967 = VERTEX_POINT('',#2968);
#2968 = CARTESIAN_POINT('',(7.42264973081,-7.7,-1.));
#2969 = SURFACE_CURVE('',#2970,(#2974,#2981),.PCURVE_S1.);
#2970 = LINE('',#2971,#2972);
#2971 = CARTESIAN_POINT('',(7.42264973081,-6.5,-1.));
#2972 = VECTOR('',#2973,1.);
#2973 = DIRECTION('',(0.,-1.,0.));
#2974 = PCURVE('',#2875,#2975);
#2975 = DEFINITIONAL_REPRESENTATION('',(#2976),#2980);
#2976 = LINE('',#2977,#2978);
#2977 = CARTESIAN_POINT('',(0.,0.));
#2978 = VECTOR('',#2979,1.);
#2979 = DIRECTION('',(0.,-1.));
#2980 = ( GEOMETRIC_REPRESENTATION_CONTEXT(2) 
PARAMETRIC_REPRESENTATION_CONTEXT() REPRESENTATION_CONTEXT('2D SPACE',''
  ) );
#2981 = PCURVE('',#2851,#2982);
#2982 = DEFINITIONAL_REPRESENTATION('',(#2983),#2987);
#2983 = LINE('',#2984,#2985);
#2984 = CARTESIAN_POINT('',(1.154700538379,0.));
#2985 = VECTOR('',#2986,1.);
#2986 = DIRECTION('',(0.,-1.));
#2987 = ( GEOMETRIC_REPRESENTATION_CONTEXT(2) 
PARAMETRIC_REPRESENTATION_CONTEXT() REPRESENTATION_CONTEXT('2D SPACE',''
  ) );
#2988 = ORIENTED_EDGE('',*,*,#2989,.T.);
#2989 = EDGE_CURVE('',#2967,#2891,#2990,.T.);
#2990 = SURFACE_CURVE('',#2991,(#2995,#3002),.PCURVE_S1.);
#2991 = LINE('',#2992,#2993);
#2992 = CARTESIAN_POINT('',(7.42264973081,-7.7,-1.));
#2993 = VECTOR('',#2994,1.);
#2994 = DIRECTION('',(1.,0.,-7.691850745534E-16));
#2995 = PCURVE('',#2875,#2996);
#2996 = DEFINITIONAL_REPRESENTATION('',(#2997),#3001);
#2997 = LINE('',#2998,#2999);
#2998 = CARTESIAN_POINT('',(0.,-1.2));
#2999 = VECTOR('',#3000,1.);
#3000 = DIRECTION('',(1.,0.));
#3001 = ( GEOMETRIC_REPRESENTATION_CONTEXT(2) 
PARAMETRIC_REPRESENTATION_CONTEXT() REPRESENTATION_CONTEXT('2D SPACE',''
  ) );
#3002 = PCURVE('',#2929,#3003);
#3003 = DEFINITIONAL_REPRESENTATION('',(#3004),#3008);
#3004 = LINE('',#3005,#3006);
#3005 = CARTESIAN_POINT('',(1.,-0.57735026919));
#3006 = VECTOR('',#3007,1.);
#3007 = DIRECTION('',(7.691850745534E-16,1.));
#3008 = ( GEOMETRIC_REPRESENTATION_CONTEXT(2) 
PARAMETRIC_REPRESENTATION_CONTEXT() REPRESENTATION_CONTEXT('2D SPACE',''
  ) );
#3009 = ORIENTED_EDGE('',*,*,#2890,.F.);
#3010 = ADVANCED_FACE('',(#3011),#2851,.T.);
#3011 = FACE_BOUND('',#3012,.T.);
#3012 = EDGE_LOOP('',(#3013,#3014,#3037,#3058));
#3013 = ORIENTED_EDGE('',*,*,#2836,.F.);
#3014 = ORIENTED_EDGE('',*,*,#3015,.T.);
#3015 = EDGE_CURVE('',#2811,#3016,#3018,.T.);
#3016 = VERTEX_POINT('',#3017);
#3017 = CARTESIAN_POINT('',(6.845299461621,-7.7,1.4141003183E-16));
#3018 = SURFACE_CURVE('',#3019,(#3023,#3030),.PCURVE_S1.);
#3019 = LINE('',#3020,#3021);
#3020 = CARTESIAN_POINT('',(6.845299461621,-6.5,1.4141003183E-16));
#3021 = VECTOR('',#3022,1.);
#3022 = DIRECTION('',(0.,-1.,0.));
#3023 = PCURVE('',#2851,#3024);
#3024 = DEFINITIONAL_REPRESENTATION('',(#3025),#3029);
#3025 = LINE('',#3026,#3027);
#3026 = CARTESIAN_POINT('',(0.,0.));
#3027 = VECTOR('',#3028,1.);
#3028 = DIRECTION('',(0.,-1.));
#3029 = ( GEOMETRIC_REPRESENTATION_CONTEXT(2) 
PARAMETRIC_REPRESENTATION_CONTEXT() REPRESENTATION_CONTEXT('2D SPACE',''
  ) );
#3030 = PCURVE('',#2825,#3031);
#3031 = DEFINITIONAL_REPRESENTATION('',(#3032),#3036);
#3032 = LINE('',#3033,#3034);
#3033 = CARTESIAN_POINT('',(1.154700538379,0.));
#3034 = VECTOR('',#3035,1.);
#3035 = DIRECTION('',(0.,-1.));
#3036 = ( GEOMETRIC_REPRESENTATION_CONTEXT(2) 
PARAMETRIC_REPRESENTATION_CONTEXT() REPRESENTATION_CONTEXT('2D SPACE',''
  ) );
#3037 = ORIENTED_EDGE('',*,*,#3038,.T.);
#3038 = EDGE_CURVE('',#3016,#2967,#3039,.T.);
#3039 = SURFACE_CURVE('',#3040,(#3044,#3051),.PCURVE_S1.);
#3040 = LINE('',#3041,#3042);
#3041 = CARTESIAN_POINT('',(6.845299461621,-7.7,1.4141003183E-16));
#3042 = VECTOR('',#3043,1.);
#3043 = DIRECTION('',(0.5,0.,-0.866025403784));
#3044 = PCURVE('',#2851,#3045);
#3045 = DEFINITIONAL_REPRESENTATION('',(#3046),#3050);
#3046 = LINE('',#3047,#3048);
#3047 = CARTESIAN_POINT('',(0.,-1.2));
#3048 = VECTOR('',#3049,1.);
#3049 = DIRECTION('',(1.,0.));
#3050 = ( GEOMETRIC_REPRESENTATION_CONTEXT(2) 
PARAMETRIC_REPRESENTATION_CONTEXT() REPRESENTATION_CONTEXT('2D SPACE',''
  ) );
#3051 = PCURVE('',#2929,#3052);
#3052 = DEFINITIONAL_REPRESENTATION('',(#3053),#3057);
#3053 = LINE('',#3054,#3055);
#3054 = CARTESIAN_POINT('',(-1.734594099364E-16,-1.154700538379));
#3055 = VECTOR('',#3056,1.);
#3056 = DIRECTION('',(0.866025403784,0.5));
#3057 = ( GEOMETRIC_REPRESENTATION_CONTEXT(2) 
PARAMETRIC_REPRESENTATION_CONTEXT() REPRESENTATION_CONTEXT('2D SPACE',''
  ) );
#3058 = ORIENTED_EDGE('',*,*,#2966,.F.);
#3059 = ADVANCED_FACE('',(#3060),#2825,.T.);
#3060 = FACE_BOUND('',#3061,.T.);
#3061 = EDGE_LOOP('',(#3062,#3063,#3086,#3107));
#3062 = ORIENTED_EDGE('',*,*,#2810,.F.);
#3063 = ORIENTED_EDGE('',*,*,#3064,.T.);
#3064 = EDGE_CURVE('',#2785,#3065,#3067,.T.);
#3065 = VERTEX_POINT('',#3066);
#3066 = CARTESIAN_POINT('',(7.42264973081,-7.7,1.));
#3067 = SURFACE_CURVE('',#3068,(#3072,#3079),.PCURVE_S1.);
#3068 = LINE('',#3069,#3070);
#3069 = CARTESIAN_POINT('',(7.42264973081,-6.5,1.));
#3070 = VECTOR('',#3071,1.);
#3071 = DIRECTION('',(0.,-1.,0.));
#3072 = PCURVE('',#2825,#3073);
#3073 = DEFINITIONAL_REPRESENTATION('',(#3074),#3078);
#3074 = LINE('',#3075,#3076);
#3075 = CARTESIAN_POINT('',(-0.,0.));
#3076 = VECTOR('',#3077,1.);
#3077 = DIRECTION('',(0.,-1.));
#3078 = ( GEOMETRIC_REPRESENTATION_CONTEXT(2) 
PARAMETRIC_REPRESENTATION_CONTEXT() REPRESENTATION_CONTEXT('2D SPACE',''
  ) );
#3079 = PCURVE('',#2799,#3080);
#3080 = DEFINITIONAL_REPRESENTATION('',(#3081),#3085);
#3081 = LINE('',#3082,#3083);
#3082 = CARTESIAN_POINT('',(1.154700538379,0.));
#3083 = VECTOR('',#3084,1.);
#3084 = DIRECTION('',(0.,-1.));
#3085 = ( GEOMETRIC_REPRESENTATION_CONTEXT(2) 
PARAMETRIC_REPRESENTATION_CONTEXT() REPRESENTATION_CONTEXT('2D SPACE',''
  ) );
#3086 = ORIENTED_EDGE('',*,*,#3087,.T.);
#3087 = EDGE_CURVE('',#3065,#3016,#3088,.T.);
#3088 = SURFACE_CURVE('',#3089,(#3093,#3100),.PCURVE_S1.);
#3089 = LINE('',#3090,#3091);
#3090 = CARTESIAN_POINT('',(7.42264973081,-7.7,1.));
#3091 = VECTOR('',#3092,1.);
#3092 = DIRECTION('',(-0.5,-0.,-0.866025403784));
#3093 = PCURVE('',#2825,#3094);
#3094 = DEFINITIONAL_REPRESENTATION('',(#3095),#3099);
#3095 = LINE('',#3096,#3097);
#3096 = CARTESIAN_POINT('',(0.,-1.2));
#3097 = VECTOR('',#3098,1.);
#3098 = DIRECTION('',(1.,0.));
#3099 = ( GEOMETRIC_REPRESENTATION_CONTEXT(2) 
PARAMETRIC_REPRESENTATION_CONTEXT() REPRESENTATION_CONTEXT('2D SPACE',''
  ) );
#3100 = PCURVE('',#2929,#3101);
#3101 = DEFINITIONAL_REPRESENTATION('',(#3102),#3106);
#3102 = LINE('',#3103,#3104);
#3103 = CARTESIAN_POINT('',(-1.,-0.57735026919));
#3104 = VECTOR('',#3105,1.);
#3105 = DIRECTION('',(0.866025403784,-0.5));
#3106 = ( GEOMETRIC_REPRESENTATION_CONTEXT(2) 
PARAMETRIC_REPRESENTATION_CONTEXT() REPRESENTATION_CONTEXT('2D SPACE',''
  ) );
#3107 = ORIENTED_EDGE('',*,*,#3015,.F.);
#3108 = ADVANCED_FACE('',(#3109),#2799,.T.);
#3109 = FACE_BOUND('',#3110,.T.);
#3110 = EDGE_LOOP('',(#3111,#3112,#3135,#3156));
#3111 = ORIENTED_EDGE('',*,*,#2784,.F.);
#3112 = ORIENTED_EDGE('',*,*,#3113,.T.);
#3113 = EDGE_CURVE('',#2759,#3114,#3116,.T.);
#3114 = VERTEX_POINT('',#3115);
#3115 = CARTESIAN_POINT('',(8.57735026919,-7.7,1.));
#3116 = SURFACE_CURVE('',#3117,(#3121,#3128),.PCURVE_S1.);
#3117 = LINE('',#3118,#3119);
#3118 = CARTESIAN_POINT('',(8.57735026919,-6.5,1.));
#3119 = VECTOR('',#3120,1.);
#3120 = DIRECTION('',(0.,-1.,0.));
#3121 = PCURVE('',#2799,#3122);
#3122 = DEFINITIONAL_REPRESENTATION('',(#3123),#3127);
#3123 = LINE('',#3124,#3125);
#3124 = CARTESIAN_POINT('',(0.,0.));
#3125 = VECTOR('',#3126,1.);
#3126 = DIRECTION('',(0.,-1.));
#3127 = ( GEOMETRIC_REPRESENTATION_CONTEXT(2) 
PARAMETRIC_REPRESENTATION_CONTEXT() REPRESENTATION_CONTEXT('2D SPACE',''
  ) );
#3128 = PCURVE('',#2773,#3129);
#3129 = DEFINITIONAL_REPRESENTATION('',(#3130),#3134);
#3130 = LINE('',#3131,#3132);
#3131 = CARTESIAN_POINT('',(1.154700538379,0.));
#3132 = VECTOR('',#3133,1.);
#3133 = DIRECTION('',(0.,-1.));
#3134 = ( GEOMETRIC_REPRESENTATION_CONTEXT(2) 
PARAMETRIC_REPRESENTATION_CONTEXT() REPRESENTATION_CONTEXT('2D SPACE',''
  ) );
#3135 = ORIENTED_EDGE('',*,*,#3136,.T.);
#3136 = EDGE_CURVE('',#3114,#3065,#3137,.T.);
#3137 = SURFACE_CURVE('',#3138,(#3142,#3149),.PCURVE_S1.);
#3138 = LINE('',#3139,#3140);
#3139 = CARTESIAN_POINT('',(8.57735026919,-7.7,1.));
#3140 = VECTOR('',#3141,1.);
#3141 = DIRECTION('',(-1.,0.,1.922962686384E-16));
#3142 = PCURVE('',#2799,#3143);
#3143 = DEFINITIONAL_REPRESENTATION('',(#3144),#3148);
#3144 = LINE('',#3145,#3146);
#3145 = CARTESIAN_POINT('',(0.,-1.2));
#3146 = VECTOR('',#3147,1.);
#3147 = DIRECTION('',(1.,0.));
#3148 = ( GEOMETRIC_REPRESENTATION_CONTEXT(2) 
PARAMETRIC_REPRESENTATION_CONTEXT() REPRESENTATION_CONTEXT('2D SPACE',''
  ) );
#3149 = PCURVE('',#2929,#3150);
#3150 = DEFINITIONAL_REPRESENTATION('',(#3151),#3155);
#3151 = LINE('',#3152,#3153);
#3152 = CARTESIAN_POINT('',(-1.,0.57735026919));
#3153 = VECTOR('',#3154,1.);
#3154 = DIRECTION('',(-1.922962686384E-16,-1.));
#3155 = ( GEOMETRIC_REPRESENTATION_CONTEXT(2) 
PARAMETRIC_REPRESENTATION_CONTEXT() REPRESENTATION_CONTEXT('2D SPACE',''
  ) );
#3156 = ORIENTED_EDGE('',*,*,#3064,.F.);
#3157 = ADVANCED_FACE('',(#3158),#2773,.T.);
#3158 = FACE_BOUND('',#3159,.T.);
#3159 = EDGE_LOOP('',(#3160,#3161,#3162,#3183));
#3160 = ORIENTED_EDGE('',*,*,#2758,.F.);
#3161 = ORIENTED_EDGE('',*,*,#2941,.T.);
#3162 = ORIENTED_EDGE('',*,*,#3163,.T.);
#3163 = EDGE_CURVE('',#2914,#3114,#3164,.T.);
#3164 = SURFACE_CURVE('',#3165,(#3169,#3176),.PCURVE_S1.);
#3165 = LINE('',#3166,#3167);
#3166 = CARTESIAN_POINT('',(9.154700538379,-7.7,0.));
#3167 = VECTOR('',#3168,1.);
#3168 = DIRECTION('',(-0.5,0.,0.866025403784));
#3169 = PCURVE('',#2773,#3170);
#3170 = DEFINITIONAL_REPRESENTATION('',(#3171),#3175);
#3171 = LINE('',#3172,#3173);
#3172 = CARTESIAN_POINT('',(0.,-1.2));
#3173 = VECTOR('',#3174,1.);
#3174 = DIRECTION('',(1.,0.));
#3175 = ( GEOMETRIC_REPRESENTATION_CONTEXT(2) 
PARAMETRIC_REPRESENTATION_CONTEXT() REPRESENTATION_CONTEXT('2D SPACE',''
  ) );
#3176 = PCURVE('',#2929,#3177);
#3177 = DEFINITIONAL_REPRESENTATION('',(#3178),#3182);
#3178 = LINE('',#3179,#3180);
#3179 = CARTESIAN_POINT('',(-3.204937810639E-17,1.154700538379));
#3180 = VECTOR('',#3181,1.);
#3181 = DIRECTION('',(-0.866025403784,-0.5));
#3182 = ( GEOMETRIC_REPRESENTATION_CONTEXT(2) 
PARAMETRIC_REPRESENTATION_CONTEXT() REPRESENTATION_CONTEXT('2D SPACE',''
  ) );
#3183 = ORIENTED_EDGE('',*,*,#3113,.F.);
#3184 = ADVANCED_FACE('',(#3185),#2929,.F.);
#3185 = FACE_BOUND('',#3186,.F.);
#3186 = EDGE_LOOP('',(#3187,#3188,#3189,#3190,#3191,#3192));
#3187 = ORIENTED_EDGE('',*,*,#3163,.T.);
#3188 = ORIENTED_EDGE('',*,*,#3136,.T.);
#3189 = ORIENTED_EDGE('',*,*,#3087,.T.);
#3190 = ORIENTED_EDGE('',*,*,#3038,.T.);
#3191 = ORIENTED_EDGE('',*,*,#2989,.T.);
#3192 = ORIENTED_EDGE('',*,*,#2913,.T.);
#3193 = ( GEOMETRIC_REPRESENTATION_CONTEXT(3) 
GLOBAL_UNCERTAINTY_ASSIGNED_CONTEXT((#3197)) 
GLOBAL_UNIT_ASSIGNED_CONTEXT((#3194,#3195,#3196)) REPRESENTATION_CONTEXT
('Context #1','3D Context with UNIT and UNCERTAINTY') );
#3194 = ( LENGTH_UNIT() NAMED_UNIT(*) SI_UNIT(.MILLI.,.METRE.) );
#3195 = ( NAMED_UNIT(*) PLANE_ANGLE_UNIT() SI_UNIT($,.RADIAN.) );
#3196 = ( NAMED_UNIT(*) SI_UNIT($,.STERADIAN.) SOLID_ANGLE_UNIT() );
#3197 = UNCERTAINTY_MEASURE_WITH_UNIT(LENGTH_MEASURE(1.E-07),#3194,
  'distance_accuracy_value','confusion accuracy');
#3198 = CONTEXT_DEPENDENT_SHAPE_REPRESENTATION(#3199,#3201);
#3199 = ( REPRESENTATION_RELATIONSHIP('','',#2574,#10) 
REPRESENTATION_RELATIONSHIP_WITH_TRANSFORMATION(#3200) 
SHAPE_REPRESENTATION_RELATIONSHIP() );
#3200 = ITEM_DEFINED_TRANSFORMATION('','',#11,#35);
#3201 = PRODUCT_DEFINITION_SHAPE('Placement','Placement of an item',
  #3202);
#3202 = NEXT_ASSEMBLY_USAGE_OCCURRENCE('6','C1-SCREW-2','',#5,#2569,$);
#3203 = PRODUCT_RELATED_PRODUCT_CATEGORY('part',$,(#2571));
#3204 = MECHANICAL_DESIGN_GEOMETRIC_PRESENTATION_REPRESENTATION('',(
    #3205),#1685);
#3205 = STYLED_ITEM('color',(#3206),#650);
#3206 = PRESENTATION_STYLE_ASSIGNMENT((#3207));
#3207 = SURFACE_STYLE_USAGE(.BOTH.,#3208);
#3208 = SURFACE_SIDE_STYLE('',(#3209));
#3209 = SURFACE_STYLE_FILL_AREA(#3210);
#3210 = FILL_AREA_STYLE('',(#3211));
#3211 = FILL_AREA_STYLE_COLOUR('',#3212);
#3212 = COLOUR_RGB('',0.879999997771,0.649999988539,0.250000000672);
#3213 = MECHANICAL_DESIGN_GEOMETRIC_PRESENTATION_REPRESENTATION('',(
    #3214),#1802);
#3214 = STYLED_ITEM('color',(#3215),#1704);
#3215 = PRESENTATION_STYLE_ASSIGNMENT((#3216));
#3216 = SURFACE_STYLE_USAGE(.BOTH.,#3217);
#3217 = SURFACE_SIDE_STYLE('',(#3218));
#3218 = SURFACE_STYLE_FILL_AREA(#3219);
#3219 = FILL_AREA_STYLE('',(#3220));
#3220 = FILL_AREA_STYLE_COLOUR('',#3221);
#3221 = COLOUR_RGB('',0.750000000934,0.24000000363,0.180000002302);
#3222 = MECHANICAL_DESIGN_GEOMETRIC_PRESENTATION_REPRESENTATION('',(
    #3223),#631);
#3223 = STYLED_ITEM('color',(#3224),#53);
#3224 = PRESENTATION_STYLE_ASSIGNMENT((#3225));
#3225 = SURFACE_STYLE_USAGE(.BOTH.,#3226);
#3226 = SURFACE_SIDE_STYLE('',(#3227));
#3227 = SURFACE_STYLE_FILL_AREA(#3228);
#3228 = FILL_AREA_STYLE('',(#3229));
#3229 = FILL_AREA_STYLE_COLOUR('',#3230);
#3230 = COLOUR_RGB('',0.380000002513,0.47000000295,0.569999999601);
#3231 = MECHANICAL_DESIGN_GEOMETRIC_PRESENTATION_REPRESENTATION('',(
    #3232),#2556);
#3232 = STYLED_ITEM('color',(#3233),#1938);
#3233 = PRESENTATION_STYLE_ASSIGNMENT((#3234));
#3234 = SURFACE_STYLE_USAGE(.BOTH.,#3235);
#3235 = SURFACE_SIDE_STYLE('',(#3236));
#3236 = SURFACE_STYLE_FILL_AREA(#3237);
#3237 = FILL_AREA_STYLE('',(#3238));
#3238 = FILL_AREA_STYLE_COLOUR('',#3239);
#3239 = COLOUR_RGB('',0.230000002338,0.270000000334,0.309999994343);
#3240 = MECHANICAL_DESIGN_GEOMETRIC_PRESENTATION_REPRESENTATION('',(
    #3241),#1919);
#3241 = STYLED_ITEM('color',(#3242),#1821);
#3242 = PRESENTATION_STYLE_ASSIGNMENT((#3243));
#3243 = SURFACE_STYLE_USAGE(.BOTH.,#3244);
#3244 = SURFACE_SIDE_STYLE('',(#3245));
#3245 = SURFACE_STYLE_FILL_AREA(#3246);
#3246 = FILL_AREA_STYLE('',(#3247));
#3247 = FILL_AREA_STYLE_COLOUR('',#3221);
#3248 = MECHANICAL_DESIGN_GEOMETRIC_PRESENTATION_REPRESENTATION('',(
    #3249),#3193);
#3249 = STYLED_ITEM('color',(#3250),#2575);
#3250 = PRESENTATION_STYLE_ASSIGNMENT((#3251));
#3251 = SURFACE_STYLE_USAGE(.BOTH.,#3252);
#3252 = SURFACE_SIDE_STYLE('',(#3253));
#3253 = SURFACE_STYLE_FILL_AREA(#3254);
#3254 = FILL_AREA_STYLE('',(#3255));
#3255 = FILL_AREA_STYLE_COLOUR('',#3239);
ENDSEC;
END-ISO-10303-21;
